{
    "23": 522.26786,
    "24": 25694.97274,
    "25": 19756.08508,
    "26": 14786.91012,
    "27": 31183.50343,
    "28": 25241.38496,
    "24.48": 15792.52241,
    "24.49": 13312.36916,
    "24.5": 12936.51083,
    "24.51": 13437.50008,
    "24.52": 12721.40484,
    "24.53": 12465.49533,
    "24.54": 13329.82926,
    "24.55": 14293.77662,
    "24.56": 15043.8097,
    "24.57": 16765.55028,
    "24.58": 17353.02086,
    "24.59": 18067.18263,
    "24.6": 16165.20686,
    "24.46": 15925.99851,
    "24.47": 16413.43587,
    "24.42": 18076.26573,
    "24.43": 18121.08757,
    "24.44": 17781.78169,
    "24.45": 16316.10053,
    "24.39": 12336.50996,
    "24.4": 14646.23339,
    "24.41": 17042.05005,
    "24.35": 14740.01043,
    "24.36": 12613.59206,
    "24.37": 12866.52063,
    "24.38": 12490.57777,
    "24.31": 11820.91492,
    "24.32": 10303.91492,
    "24.33": 10451.98159,
    "24.34": 11289.89529,
    "24.29": 16069.08468,
    "24.3": 15505.39203,
    "24.21": 29119.55716,
    "24.22": 26894.00564,
    "24.23": 23358.79482,
    "24.24": 25606.07102,
    "24.25": 22082.95325,
    "24.26": 16466.72274,
    "24.27": 15330.42659,
    "24.28": 16619.51801,
    "24.11": 21413.02022,
    "24.12": 24918.45502,
    "24.13": 22678.69986,
    "24.14": 23625.87727,
    "24.15": 23831.78636,
    "24.16": 26502.54603,
    "24.17": 30482.86659,
    "24.18": 29242.94608,
    "24.19": 29462.13408,
    "24.2": 29674.75908,
    "24.06": 22230.89872,
    "24.07": 19919.97155,
    "24.08": 21904.84269,
    "24.09": 26380.13019,
    "24.1": 23891.28316,
    "24.01": 26153.27841,
    "24.02": 26600.85619,
    "24.03": 26958.85619,
    "24.04": 27837.32682,
    "24.05": 28319.16826,
    "23.98": 21623.75562,
    "23.99": 21575.36872,
    "23.87": 8921.79161,
    "23.88": 8921.79161,
    "23.89": 16400.63563,
    "23.9": 13826.7953,
    "23.91": 13518.89145,
    "23.92": 13943.10998,
    "23.93": 17255.10356,
    "23.94": 19959.435,
    "23.95": 20162.8725,
    "23.96": 21197.32705,
    "23.97": 21197.32705,
    "23.73": 5886.1181,
    "23.74": 5619.75446,
    "23.75": 5204.63681,
    "23.76": 7549.06538,
    "23.77": 7549.06538,
    "23.78": 7774.21923,
    "23.79": 7308.36629,
    "23.8": 7308.36629,
    "23.81": 5570.92879,
    "23.82": 5765.99289,
    "23.83": 6370.85003,
    "23.84": 6947.00807,
    "23.85": 8458.62876,
    "23.86": 8751.3656,
    "23.65": 12043.31347,
    "23.66": 9711.21347,
    "23.67": 9136.31347,
    "23.68": 9272.36109,
    "23.69": 6784.71365,
    "23.7": 6969.2926,
    "23.71": 6738.15371,
    "23.72": 6738.15371,
    "23.58": 8295.95072,
    "23.59": 10463.97704,
    "23.6": 9871.91037,
    "23.61": 8834.52148,
    "23.62": 7288.50561,
    "23.63": 7714.4883,
    "23.64": 9741.9883,
    "23.57": 7490.52273,
    "23.52": 5536.66677,
    "23.53": 5536.66677,
    "23.54": 5271.38106,
    "23.55": 5271.38106,
    "23.56": 5271.38106,
    "23.45": 5215.83604,
    "23.46": 5215.83604,
    "23.47": 5215.83604,
    "23.48": 5215.83604,
    "23.49": 5215.83604,
    "23.5": 5008.92503,
    "23.51": 4906.86677,
    "23.34": 6807.86863,
    "23.35": 6807.86863,
    "23.36": 6807.86863,
    "23.37": 6807.86863,
    "23.38": 6807.86863,
    "23.39": 5839.20196,
    "23.4": 6283.96135,
    "23.41": 4482.68429,
    "23.42": 4482.68429,
    "23.43": 4482.68429,
    "23.44": 4482.68429,
    "23.3": 7053.80018,
    "23.31": 7053.80018,
    "23.32": 5753.27386,
    "23.33": 5753.27386,
    "23.13": 2499.99931,
    "23.14": 2499.99931,
    "23.15": 2499.99931,
    "23.16": 2499.99931,
    "23.17": 2499.99931,
    "23.18": 2499.99931,
    "23.19": 2499.99931,
    "23.2": 2499.99931,
    "23.21": 2499.99931,
    "23.22": 2499.99931,
    "23.23": 2499.99931,
    "23.24": 3468.66598,
    "23.25": 3468.66598,
    "23.26": 3468.66598,
    "23.27": 3468.66598,
    "23.28": 3468.66598,
    "23.29": 3468.66598,
    "22.89": 522.26786,
    "22.9": 522.26786,
    "22.91": 522.26786,
    "22.92": 522.26786,
    "22.93": 522.26786,
    "22.94": 522.26786,
    "22.95": 522.26786,
    "22.96": 522.26786,
    "22.97": 522.26786,
    "22.98": 522.26786,
    "22.99": 522.26786,
    "23.01": 522.26786,
    "23.02": 522.26786,
    "23.03": 522.26786,
    "23.04": 522.26786,
    "23.05": 522.26786,
    "23.06": 522.26786,
    "23.07": 522.26786,
    "23.08": 522.26786,
    "23.09": 522.26786,
    "23.1": 522.26786,
    "23.11": 1199.47299,
    "23.12": 1199.47299,
    "24.61": 14177.94409,
    "24.62": 15363.65307,
    "24.63": 16426.97297,
    "24.64": 17872.21259,
    "24.65": 17420.44022,
    "24.66": 16855.58292,
    "24.67": 16209.68292,
    "24.68": 16334.17621,
    "24.69": 16518.45793,
    "24.7": 15553.50793,
    "24.71": 15338.18433,
    "24.72": 12415.94153,
    "24.73": 11404.4955,
    "24.74": 9892.43213,
    "24.75": 9823.22418,
    "24.76": 10637.37924,
    "24.77": 10765.5905,
    "24.78": 11600.02864,
    "24.79": 11315.2156,
    "24.8": 12776.08997,
    "24.81": 12530.89821,
    "24.82": 13010.36057,
    "24.83": 14121.25923,
    "24.84": 14512.07827,
    "24.85": 15645.27404,
    "24.86": 15384.65411,
    "24.87": 15441.94358,
    "24.88": 17041.6408,
    "24.89": 18954.57265,
    "24.9": 20069.73989,
    "24.91": 20579.58705,
    "24.92": 21239.82022,
    "24.93": 19709.2573,
    "24.94": 21247.66926,
    "24.95": 20534.62209,
    "24.96": 19838.06122,
    "24.97": 19252.94153,
    "24.98": 20713.70618,
    "24.99": 19112.50674,
    "25.01": 19222.51102,
    "25.02": 16560.02859,
    "25.03": 16502.66012,
    "25.04": 15456.42248,
    "25.05": 17561.73633,
    "25.06": 17820.97812,
    "25.07": 18691.05334,
    "25.08": 19254.72957,
    "25.09": 19082.56369,
    "25.1": 16335.78254,
    "25.11": 15879.15105,
    "25.12": 16902.30019,
    "25.13": 16982.40205,
    "25.14": 18062.59737,
    "25.15": 18018.69068,
    "25.16": 18898.43459,
    "25.17": 18696.42696,
    "25.18": 18336.00618,
    "25.19": 19600.0953,
    "25.2": 21568.53983,
    "25.21": 23102.83074,
    "25.22": 22846.28468,
    "25.23": 21173.72922,
    "25.24": 20752.41938,
    "25.25": 25949.06938,
    "25.26": 21103.33902,
    "25.27": 19538.99559,
    "25.28": 20848.35513,
    "25.29": 20957.41674,
    "25.3": 19863.07405,
    "25.31": 16188.04292,
    "25.32": 15701.08086,
    "25.33": 14845.46476,
    "25.34": 16541.32116,
    "25.35": 21941.28506,
    "25.36": 21755.48005,
    "25.37": 21482.49896,
    "25.39": 24123.82962,
    "25.4": 22196.68148,
    "25.41": 20974.52154,
    "25.42": 19520.16631,
    "25.43": 18328.63198,
    "25.44": 17840.04656,
    "25.45": 18879.20036,
    "25.46": 19534.58716,
    "25.47": 20683.50917,
    "25.48": 22225.71578,
    "25.49": 22001.54215,
    "25.5": 21810.07757,
    "25.51": 22841.5319,
    "25.52": 21134.26609,
    "25.53": 17418.09822,
    "25.54": 16325.17358,
    "25.55": 16617.52181,
    "25.56": 15967.02197,
    "25.57": 16153.1804,
    "25.58": 15290.45501,
    "25.59": 14302.35481,
    "25.6": 16215.21239,
    "25.61": 14322.34834,
    "25.62": 14886.91048,
    "25.63": 17250.00871,
    "25.64": 18526.00195,
    "25.65": 17039.31184,
    "25.66": 14977.17337,
    "25.67": 17896.15456,
    "25.68": 16432.88928,
    "25.69": 16493.05282,
    "25.7": 17416.54513,
    "25.38": 24546.78173,
    "25.71": 16577.78814,
    "25.72": 17063.06036,
    "25.73": 17351.2342,
    "25.75": 11887.01665,
    "25.76": 12422.31526,
    "25.77": 12749.45613,
    "25.78": 10444.70985,
    "25.79": 10674.98763,
    "25.8": 10271.40087,
    "25.81": 10673.80592,
    "25.82": 11505.47258,
    "25.83": 10336.16352,
    "25.84": 10524.07096,
    "25.85": 10271.58507,
    "25.86": 9956.08508,
    "25.87": 10880.4525,
    "25.88": 9376.10832,
    "25.89": 10691.29165,
    "25.9": 11998.05932,
    "25.91": 11684.63245,
    "25.92": 10264.32916,
    "25.93": 10088.86249,
    "25.94": 10269.59676,
    "25.95": 11404.4732,
    "25.96": 12418.99124,
    "25.97": 12092.17751,
    "25.98": 12873.9907,
    "25.99": 14468.57989,
    "26.01": 14166.36938,
    "26.02": 14024.72698,