{
    "23": 522.26786,
    "24": 26037.04417,
    "25": 22659.88083,
    "26": 16606.96567,
    "27": 38894.91676,
    "28": 25241.38496,
    "24.48": 17432.84045,
    "24.49": 14952.6872,
    "24.5": 14288.1394,
    "24.51": 14912.23976,
    "24.52": 13652.73077,
    "24.53": 13396.82126,
    "24.54": 14472.15519,
    "24.55": 15286.33588,
    "24.56": 16036.36896,
    "24.57": 17941.73454,
    "24.58": 18165.00512,
    "24.59": 18879.16689,
    "24.6": 16715.98001,
    "24.46": 17566.31655,
    "24.47": 18053.75391,
    "24.42": 19716.58377,
    "24.43": 19761.40561,
    "24.44": 19422.09973,
    "24.45": 17956.41857,
    "24.39": 14318.89943,
    "24.4": 16628.62286,
    "24.41": 19024.43952,
    "24.35": 16968.0999,
    "24.36": 14595.98153,
    "24.37": 14848.9101,
    "24.38": 14472.96724,
    "24.31": 13970.80439,
    "24.32": 12823.60439,
    "24.33": 12971.67106,
    "24.34": 13517.98476,
    "24.29": 18005.22278,
    "24.3": 16898.73013,
    "24.21": 30781.84526,
    "24.22": 28556.29374,
    "24.23": 25021.08292,
    "24.24": 27559.95912,
    "24.25": 24186.60802,
    "24.26": 18816.07751,
    "24.27": 17679.78136,
    "24.28": 19333.07278,
    "24.11": 21755.09165,
    "24.12": 25260.52645,
    "24.13": 23020.77129,
    "24.14": 23967.9487,
    "24.15": 24173.85779,
    "24.16": 26844.61746,
    "24.17": 31602.35469,
    "24.18": 30362.43418,
    "24.19": 30581.62218,
    "24.2": 31337.04718,
    "24.06": 22572.97015,
    "24.07": 20262.04298,
    "24.08": 22246.91412,
    "24.09": 26722.20162,
    "24.1": 24233.35459,
    "24.01": 26495.34984,
    "24.02": 26942.92762,
    "24.03": 27300.92762,
    "24.04": 28179.39825,
    "24.05": 28661.23969,
    "23.98": 21623.75562,
    "23.99": 21575.36872,
    "23.87": 8921.79161,
    "23.88": 8921.79161,
    "23.89": 16400.63563,
    "23.9": 13826.7953,
    "23.91": 13518.89145,
    "23.92": 13943.10998,
    "23.93": 17255.10356,
    "23.94": 19959.435,
    "23.95": 20162.8725,
    "23.96": 21197.32705,
    "23.97": 21197.32705,
    "23.73": 5886.1181,
    "23.74": 5619.75446,
    "23.75": 5204.63681,
    "23.76": 7549.06538,
    "23.77": 7549.06538,
    "23.78": 7774.21923,
    "23.79": 7308.36629,
    "23.8": 7308.36629,
    "23.81": 5570.92879,
    "23.82": 5765.99289,
    "23.83": 6370.85003,
    "23.84": 6947.00807,
    "23.85": 8458.62876,
    "23.86": 8751.3656,
    "23.65": 12043.31347,
    "23.66": 9711.21347,
    "23.67": 9136.31347,
    "23.68": 9272.36109,
    "23.69": 6784.71365,
    "23.7": 6969.2926,
    "23.71": 6738.15371,
    "23.72": 6738.15371,
    "23.58": 8295.95072,
    "23.59": 10463.97704,
    "23.6": 9871.91037,
    "23.61": 8834.52148,
    "23.62": 7288.50561,
    "23.63": 7714.4883,
    "23.64": 9741.9883,
    "23.57": 7490.52273,
    "23.52": 5536.66677,
    "23.53": 5536.66677,
    "23.54": 5271.38106,
    "23.55": 5271.38106,
    "23.56": 5271.38106,
    "23.45": 5215.83604,
    "23.46": 5215.83604,
    "23.47": 5215.83604,
    "23.48": 5215.83604,
    "23.49": 5215.83604,
    "23.5": 5008.92503,
    "23.51": 4906.86677,
    "23.34": 6807.86863,
    "23.35": 6807.86863,
    "23.36": 6807.86863,
    "23.37": 6807.86863,
    "23.38": 6807.86863,
    "23.39": 5839.20196,
    "23.4": 6283.96135,
    "23.41": 4482.68429,
    "23.42": 4482.68429,
    "23.43": 4482.68429,
    "23.44": 4482.68429,
    "23.3": 7053.80018,
    "23.31": 7053.80018,
    "23.32": 5753.27386,
    "23.33": 5753.27386,
    "23.13": 2499.99931,
    "23.14": 2499.99931,
    "23.15": 2499.99931,
    "23.16": 2499.99931,
    "23.17": 2499.99931,
    "23.18": 2499.99931,
    "23.19": 2499.99931,
    "23.2": 2499.99931,
    "23.21": 2499.99931,
    "23.22": 2499.99931,
    "23.23": 2499.99931,
    "23.24": 3468.66598,
    "23.25": 3468.66598,
    "23.26": 3468.66598,
    "23.27": 3468.66598,
    "23.28": 3468.66598,
    "23.29": 3468.66598,
    "22.89": 522.26786,
    "22.9": 522.26786,
    "22.91": 522.26786,
    "22.92": 522.26786,
    "22.93": 522.26786,
    "22.94": 522.26786,
    "22.95": 522.26786,
    "22.96": 522.26786,
    "22.97": 522.26786,
    "22.98": 522.26786,
    "22.99": 522.26786,
    "23.01": 522.26786,
    "23.02": 522.26786,
    "23.03": 522.26786,
    "23.04": 522.26786,
    "23.05": 522.26786,
    "23.06": 522.26786,
    "23.07": 522.26786,
    "23.08": 522.26786,
    "23.09": 522.26786,
    "23.1": 522.26786,
    "23.11": 1199.47299,
    "23.12": 1199.47299,
    "24.61": 14728.71724,
    "24.62": 15914.42622,
    "24.63": 16766.74612,
    "24.64": 18211.98574,
    "24.65": 17978.04292,
    "24.66": 17413.18562,
    "24.67": 16767.28562,
    "24.68": 16891.77891,
    "24.69": 17076.06063,
    "24.7": 16111.11063,
    "24.71": 15895.78703,
    "24.72": 12973.54423,
    "24.73": 13001.91872,
    "24.74": 11412.85535,
    "24.75": 11343.6474,
    "24.76": 11622.68124,
    "24.77": 11750.8925,
    "24.78": 12964.99731,
    "24.79": 12675.78612,
    "24.8": 14136.66049,
    "24.81": 13891.46873,
    "24.82": 14370.93109,
    "24.83": 15511.74642,
    "24.84": 16299.19046,
    "24.85": 18458.65896,
    "24.86": 17368.88518,
    "24.87": 17274.42465,
    "24.88": 18874.12187,
    "24.89": 20787.05372,
    "24.9": 21902.22096,
    "24.91": 22412.06812,
    "24.92": 22675.67629,
    "24.93": 20765.4467,
    "24.94": 22553.58088,
    "24.95": 23089.44057,
    "24.96": 21366.60697,
    "24.97": 20781.48728,
    "24.98": 23468.50193,
    "24.99": 22016.30249,
    "25.01": 22126.30677,
    "25.02": 19595.44934,
    "25.03": 19538.08087,
    "25.04": 18731.70037,
    "25.05": 21228.01422,
    "25.06": 21487.25601,
    "25.07": 22357.33123,
    "25.08": 22530.00746,
    "25.09": 22357.84158,
    "25.1": 18104.18543,
    "25.11": 17973.25236,
    "25.12": 17105.85575,
    "25.13": 17185.95761,
    "25.14": 18266.15293,
    "25.15": 18222.24624,
    "25.16": 19101.99015,
    "25.17": 21629.26823,
    "25.18": 21615.63912,
    "25.19": 22879.72824,
    "25.2": 24855.04578,
    "25.21": 26711.47955,
    "25.22": 26454.93349,
    "25.23": 24782.37803,
    "25.24": 21631.78248,
    "25.25": 27482.15123,
    "25.26": 23180.48188,
    "25.27": 21405.70988,
    "25.28": 22392.92656,
    "25.29": 22501.98817,
    "25.3": 21801.64548,
    "25.31": 18126.61435,
    "25.32": 17639.65229,
    "25.33": 16784.03619,
    "25.34": 18479.89259,
    "25.35": 23879.85649,
    "25.36": 23694.05148,
    "25.37": 23421.07039,
    "25.39": 25678.13789,
    "25.4": 23800.23975,
    "25.41": 22980.5504,
    "25.42": 22298.87017,
    "25.43": 21179.4878,
    "25.44": 20942.56905,
    "25.45": 21981.72285,
    "25.46": 22992.82394,
    "25.47": 24351.74595,
    "25.48": 26012.5973,
    "25.49": 27352.78974,
    "25.5": 28150.3508,
    "25.51": 31625.78846,
    "25.52": 30142.52265,
    "25.53": 25861.39181,
    "25.54": 23558.71717,
    "25.55": 23461.07181,
    "25.56": 22468.03149,
    "25.57": 22671.85977,
    "25.58": 22077.86076,
    "25.59": 22372.46258,
    "25.6": 24353.43531,
    "25.61": 22450.27126,
    "25.62": 21152.16674,
    "25.63": 22910.32266,
    "25.64": 24945.3159,
    "25.65": 23493.30496,
    "25.66": 21605.29378,
    "25.67": 24930.8469,
    "25.68": 23173.88076,
    "25.69": 23866.5443,
    "25.7": 25160.66219,
    "25.38": 25685.09,
    "25.71": 23387.25101,
    "25.72": 23964.33005,
    "25.73": 25640.1962,
    "25.75": 19810.72865,
    "25.76": 20613.49071,
    "25.77": 21072.28093,
    "25.78": 18285.36798,
    "25.79": 17812.28769,
    "25.8": 15918.29459,
    "25.81": 14312.11782,
    "25.82": 14514.81781,
    "25.83": 14108.69359,
    "25.84": 14167.67795,
    "25.85": 13915.19206,
    "25.86": 13389.53822,
    "25.87": 13276.90564,
    "25.88": 12246.52217,
    "25.89": 13289.20257,
    "25.9": 14893.97024,
    "25.91": 14155.51307,
    "25.92": 12735.20978,
    "25.93": 13710.02089,
    "25.94": 13650.72901,
    "25.95": 13198.48641,
    "25.96": 14213.00445,
    "25.97": 14275.63516,
    "25.98": 15057.44835,
    "25.99": 16288.63544,
    "26.01": 15986.42493,
    "26.02": 16579.16348,