{
    "25": 10661788.11098,
    "26": 6332818.19926,
    "27": 6875026.79378,
    "28": 27432795.1529,
    "26.17": 15883215.91227,
    "26.18": 16801138.36122,
    "26.19": 16354393.9767,
    "26.2": 16980985.1255,
    "26.21": 17729754.25485,
    "26.22": 17914551.4311,
    "26.23": 18846405.43066,
    "26.24": 18831401.72874,
    "26.11": 19313465.60828,
    "26.12": 18735868.09602,
    "26.13": 19239363.83343,
    "26.14": 17308468.8698,
    "26.15": 18930192.98884,
    "26.16": 17975154.27179,
    "26.25": 19854798.06256,
    "26.09": 16210111.42156,
    "26.1": 14577182.80754,
    "26.07": 17019895.99974,
    "26.08": 13085705.24298,
    "26.05": 15858356.78664,
    "26.06": 15062421.11998,
    "26.02": 13040797.4801,
    "26.03": 15294798.74796,
    "26.04": 15426233.37376,
    "25.92": 6625213.68551,
    "25.93": 5098798.18551,
    "25.94": 5117892.56051,
    "25.95": 4554927.14384,
    "25.96": 4873907.50423,
    "25.97": 7523730.2761,
    "25.98": 7505899.70467,
    "25.99": 6723185.23443,
    "25.84": 3202122.66469,
    "25.85": 3605432.45231,
    "25.86": 3207653.24398,
    "25.87": 4827259.86898,
    "25.88": 5039420.02176,
    "25.89": 4347170.82479,
    "25.9": 5086582.9486,
    "25.91": 5905952.49027,
    "26.01": 8566650.54569,
    "25.83": 3961799.4885,
    "25.81": 4370042.02184,
    "25.82": 4572380.73017,
    "25.76": 15748258.99902,
    "25.77": 14598820.95458,
    "25.78": 5026331.3175,
    "25.79": 4835932.59806,
    "25.8": 5743901.32184,
    "25.68": 5931810.65221,
    "25.69": 7489814.73099,
    "25.7": 9714631.32677,
    "25.71": 16974773.85059,
    "25.72": 17101599.38392,
    "25.73": 16416864.29821,
    "25.74": 14561674.16131,
    "25.75": 15593424.41727,
    "25.65": 6901717.87384,
    "25.66": 7222914.24288,
    "25.67": 7956239.90222,
    "25.37": 4130635.03187,
    "25.38": 2944575.57971,
    "25.39": 2704889.62574,
    "25.4": 2379949.94241,
    "25.41": 2081701.82574,
    "25.42": 2078932.12574,
    "25.43": 1906575.06185,
    "25.44": 4497212.20074,
    "25.45": 3887439.07931,
    "25.46": 4337603.7555,
    "25.47": 4409122.9555,
    "25.48": 1946751.28883,
    "25.49": 1946751.28883,
    "25.5": 1946751.28883,
    "25.51": 1763516.30966,
    "25.52": 876540.92077,
    "25.53": 336743.23188,
    "25.54": 336743.23188,
    "25.55": 489194.73188,
    "25.56": 335750.73188,
    "25.57": 1057358.10966,
    "25.58": 1325438.80966,
    "25.59": 6149148.04047,
    "25.27": 5378003.4433,
    "25.28": 4512473.78497,
    "25.29": 3929352.0945,
    "25.3": 3131616.288,
    "25.31": 3534502.00704,
    "25.32": 3900714.40704,
    "25.33": 4153961.11537,
    "25.34": 4781432.14473,
    "25.35": 4499653.34473,
    "25.36": 4098945.57379,
    "25.23": 7239284.43397,
    "25.24": 7466022.48715,
    "25.25": 5903877.02961,
    "25.26": 5816327.42961,
    "25.09": 17450246.5704,
    "25.1": 11755710.98155,
    "25.11": 10912487.99324,
    "25.12": 9942925.27896,
    "25.13": 9693923.87897,
    "25.14": 9169668.518,
    "25.15": 10175296.03991,
    "25.16": 9743271.42483,
    "25.17": 8796854.43712,
    "25.18": 9333498.65974,
    "25.19": 9650552.41067,
    "25.2": 7491567.37535,
    "25.21": 8973685.32534,
    "25.22": 7806718.00073,
    "25.03": 10759920.20847,
    "25.04": 13806892.89888,
    "25.05": 20273081.37586,
    "25.06": 17912137.19093,
    "25.07": 17827582.63854,
    "25.08": 18639122.906,
    "24.94": 12658501.48268,
    "24.95": 11171475.93505,
    "24.96": 11146306.24328,
    "24.97": 11744744.32277,
    "24.98": 14247134.69408,
    "24.99": 10631670.95838,
    "25.01": 9915302.69972,
    "25.02": 8805726.04341,
    "24.83": 11465950.36916,
    "24.84": 14296249.61742,
    "24.85": 14207575.15512,
    "24.86": 11015371.55511,
    "24.87": 13025945.08129,
    "24.88": 14500377.52892,
    "24.89": 14161048.27654,
    "24.9": 12192225.37398,
    "24.91": 14882437.7926,
    "24.92": 14677565.73904,
    "24.93": 15227730.97396,
    "24.77": 19858636.67672,
    "24.78": 14673599.83268,
    "24.79": 13431912.2803,
    "24.8": 17877418.37912,
    "24.81": 11551848.04168,
    "24.82": 10897290.77501,
    "24.72": 8553244.15743,
    "24.73": 13252141.30498,
    "24.74": 14637793.01309,
    "24.75": 18071678.26695,
    "24.76": 21113761.27672,
    "25.6": 6106564.47525,
    "24.7": 6207246.35982,
    "24.71": 6562499.97886,
    "24.62": 8553198.49077,
    "24.63": 7675410.3124,
    "24.64": 7642638.98105,
    "24.65": 7841433.89772,
    "24.66": 7899416.72263,
    "24.67": 5716681.03944,
    "24.68": 4410190.62714,
    "24.69": 4937129.13904,
    "24.54": 10974691.89179,
    "24.55": 13136492.95212,
    "24.56": 7988725.37951,
    "24.57": 9024605.28641,
    "24.58": 10163925.88962,
    "24.59": 8141843.35192,
    "24.6": 8925304.68549,
    "24.53": 12172621.45131,
    "24.61": 8706358.25177,
    "24.5": 12522598.13414,
    "24.51": 12513441.50914,
    "24.52": 12493281.19406,
    "24.46": 6047555.5698,
    "24.47": 6484293.00129,
    "24.48": 6750415.77389,
    "24.49": 9546279.18667,
    "24.42": 4431075.24286,
    "24.43": 4918015.67619,
    "24.44": 3934487.90119,
    "24.45": 5753912.03965,
    "24.39": 3353359.69523,
    "24.4": 3566690.80952,
    "24.41": 3950349.05238,
    "24.37": 1691622.79523,
    "24.38": 1958273.94523,
    "24.34": 3276803.225,
    "24.35": 2763327.59167,
    "24.36": 1731108.92857,
    "24.27": 2909601.225,
    "24.28": 4182197.625,
    "24.29": 5691212.31547,
    "24.3": 5734055.11547,
    "24.31": 5580831.24881,
    "24.32": 5585456.94881,
    "24.33": 4823218.78214,
    "24.26": 1666762.20119,
    "24.25": 1677427.32818,
    "24.15": 2136479.42809,
    "24.16": 2093981.28523,
    "24.17": 2116737.84079,
    "24.18": 2556597.84079,
    "24.19": 2320858.34079,
    "24.2": 2918997.8769,
    "24.21": 2577397.06737,
    "24.22": 2430804.86737,
    "24.23": 1542699.41023,
    "24.24": 1447630.11023,
    "24.11": 4655858.19246,
    "24.12": 4485440.43641,
    "24.13": 3148606.68403,
    "24.14": 2999677.22213,
    "24.06": 255393.85714,
    "24.07": 2308277.47024,
    "24.08": 2436349.80357,
    "24.09": 4265977.30357,
    "24.1": 4265977.30357,
    "24.05": 138948.57143,
    "25.61": 6043811.03081,
    "25.62": 6237005.83081,
    "25.63": 6214256.55224,
    "25.64": 6203234.43795,
    "26.26": 20996375.56652,
    "26.27": 22726663.14092,
    "26.28": 20146569.74687,
    "26.29": 20879368.37901,
    "26.3": 23605884.10124,
    "26.31": 22669555.79886,
    "26.32": 24496574.37943,
    "26.33": 24678423.77276,
    "26.34": 29746415.23942,
    "26.35": 29741391.66496,
    "26.36": 33407956.42813,
    "26.37": 37463525.71386,
    "26.38": 39881331.77582,
    "26.39": 37852348.79049,
    "26.4": 41465615.74527,
    "26.41": 35044119.71194,
    "26.42": 32884532.33554,
    "26.43": 31695904.69216,
    "26.44": 26996656.37318,
    "26.45": 25629155.01802,
    "26.46": 24876613.83836,
    "26.47": 28156754.38517,
    "26.48": 30433801.72078,
    "26.49": 27728207.98588,
    "26.5": 29688498.23839,
    "26.51": 28393750.52573,
    "26.52": 26923044.52375,
    "26.53": 24275289.09749,
    "26.54": 19013856.18338,
    "26.55": 18293373.14786,
    "26.56": 17421266.34731,
    "26.57": 15189426.62112,
    "26.58": 14376612.53223,
    "26.59": 12281290.11727,
    "26.6": 12401643.91207,
    "26.61": 10405617.98067,
    "26.62": 9707185.09555,
    "26.63": 7513762.8515,
    "26.64": 6719842.34436,
    "26.65": 6626649.34436,
    "26.66": 6761301.24274,
    "26.67": 6325939.57607,
    "26.68": 5962499.05964,
    "26.69": 7933368.71507,
    "26.7": 8285582.64007,
    "26.79": 19408133.52368,
    "26.8": 24040207.31264,
    "26.81": 22492290.36819,
    "26.82": 25385031.39557,
    "26.83": 25965371.14557,
    "26.84": 27527777.94514,
    "26.85": 17300878.48681,
    "26.86": 16748439.45824,
    "26.87": 13313889.90586,
    "26.88": 13164286.4379,
    "26.89": 13405114.79504,
    "26.9": 11886253.13195,
    "26.91": 7133500.20013,
    "26.92": 7351806.73346,
    "26.93": 7351806.73346,
    "26.94": 4762828.86203,