{
    "25": 10661788.11098,
    "26": 6332818.19926,
    "27": 6875026.79378,
    "28": 27432795.1529,
    "26.17": 14802364.19636,
    "26.18": 15720286.64531,
    "26.19": 15273542.26079,
    "26.2": 15900133.40959,
    "26.21": 16648902.53894,
    "26.22": 16007169.86904,
    "26.23": 18019875.58451,
    "26.24": 18004871.88259,
    "26.11": 17690467.10828,
    "26.12": 18160540.00511,
    "26.13": 18664035.74252,
    "26.14": 16733140.77889,
    "26.15": 17849341.27293,
    "26.16": 16894302.55588,
    "26.25": 19028268.21641,
    "26.09": 14587112.92156,
    "26.1": 12954184.30754,
    "26.07": 15396897.49974,
    "26.08": 11462706.74298,
    "26.05": 15858356.78664,
    "26.06": 13439422.61998,
    "26.02": 13040797.4801,
    "26.03": 15294798.74796,
    "26.04": 15426233.37376,
    "25.92": 6625213.68551,
    "25.93": 5098798.18551,
    "25.94": 5117892.56051,
    "25.95": 4554927.14384,
    "25.96": 4873907.50423,
    "25.97": 7523730.2761,
    "25.98": 7505899.70467,
    "25.99": 6723185.23443,
    "25.84": 3202122.66469,
    "25.85": 3605432.45231,
    "25.86": 3207653.24398,
    "25.87": 4827259.86898,
    "25.88": 5039420.02176,
    "25.89": 4347170.82479,
    "25.9": 5086582.9486,
    "25.91": 5905952.49027,
    "26.01": 8566650.54569,
    "25.83": 3961799.4885,
    "25.81": 4370042.02184,
    "25.82": 4572380.73017,
    "25.76": 15748258.99902,
    "25.77": 14598820.95458,
    "25.78": 5026331.3175,
    "25.79": 4835932.59806,
    "25.8": 5743901.32184,
    "25.68": 5931810.65221,
    "25.69": 7489814.73099,
    "25.7": 9714631.32677,
    "25.71": 16974773.85059,
    "25.72": 17101599.38392,
    "25.73": 16416864.29821,
    "25.74": 14561674.16131,
    "25.75": 15593424.41727,
    "25.65": 6901717.87384,
    "25.66": 7222914.24288,
    "25.67": 7956239.90222,
    "25.37": 4130635.03187,
    "25.38": 2944575.57971,
    "25.39": 2704889.62574,
    "25.4": 2379949.94241,
    "25.41": 2081701.82574,
    "25.42": 2078932.12574,
    "25.43": 1906575.06185,
    "25.44": 4497212.20074,
    "25.45": 3887439.07931,
    "25.46": 4337603.7555,
    "25.47": 4409122.9555,
    "25.48": 1946751.28883,
    "25.49": 1946751.28883,
    "25.5": 1946751.28883,
    "25.51": 1763516.30966,
    "25.52": 876540.92077,
    "25.53": 336743.23188,
    "25.54": 336743.23188,
    "25.55": 489194.73188,
    "25.56": 335750.73188,
    "25.57": 1057358.10966,
    "25.58": 1325438.80966,
    "25.59": 6149148.04047,
    "25.27": 5378003.4433,
    "25.28": 4512473.78497,
    "25.29": 3929352.0945,
    "25.3": 3131616.288,
    "25.31": 3534502.00704,
    "25.32": 3900714.40704,
    "25.33": 4153961.11537,
    "25.34": 4781432.14473,
    "25.35": 4499653.34473,
    "25.36": 4098945.57379,
    "25.23": 7239284.43397,
    "25.24": 7466022.48715,
    "25.25": 5903877.02961,
    "25.26": 5816327.42961,
    "25.09": 17450246.5704,
    "25.1": 11755710.98155,
    "25.11": 10912487.99324,
    "25.12": 9942925.27896,
    "25.13": 9693923.87897,
    "25.14": 9169668.518,
    "25.15": 10175296.03991,
    "25.16": 9743271.42483,
    "25.17": 8796854.43712,
    "25.18": 9333498.65974,
    "25.19": 9650552.41067,
    "25.2": 7491567.37535,
    "25.21": 8973685.32534,
    "25.22": 7806718.00073,
    "25.03": 10759920.20847,
    "25.04": 13806892.89888,
    "25.05": 20273081.37586,
    "25.06": 17912137.19093,
    "25.07": 17827582.63854,
    "25.08": 18639122.906,
    "24.94": 12658501.48268,
    "24.95": 11171475.93505,
    "24.96": 11146306.24328,
    "24.97": 11744744.32277,
    "24.98": 14247134.69408,
    "24.99": 10631670.95838,
    "25.01": 9915302.69972,
    "25.02": 8805726.04341,
    "24.83": 11465950.36916,
    "24.84": 14296249.61742,
    "24.85": 14207575.15512,
    "24.86": 11015371.55511,
    "24.87": 13025945.08129,
    "24.88": 14500377.52892,
    "24.89": 14161048.27654,
    "24.9": 12192225.37398,
    "24.91": 14882437.7926,
    "24.92": 14677565.73904,
    "24.93": 15227730.97396,
    "24.77": 19858636.67672,
    "24.78": 14673599.83268,
    "24.79": 13431912.2803,
    "24.8": 17877418.37912,
    "24.81": 11551848.04168,
    "24.82": 10897290.77501,
    "24.72": 8553244.15743,
    "24.73": 13252141.30498,
    "24.74": 14637793.01309,
    "24.75": 18071678.26695,
    "24.76": 21113761.27672,
    "25.6": 6106564.47525,
    "24.7": 6207246.35982,
    "24.71": 6562499.97886,
    "24.62": 8553198.49077,
    "24.63": 7675410.3124,
    "24.64": 7642638.98105,
    "24.65": 7841433.89772,
    "24.66": 7899416.72263,
    "24.67": 5716681.03944,
    "24.68": 4410190.62714,
    "24.69": 4937129.13904,
    "24.54": 10974691.89179,
    "24.55": 13136492.95212,
    "24.56": 7988725.37951,
    "24.57": 9024605.28641,
    "24.58": 10163925.88962,
    "24.59": 8141843.35192,
    "24.6": 8925304.68549,
    "24.53": 12172621.45131,
    "24.61": 8706358.25177,
    "24.5": 12522598.13414,
    "24.51": 12513441.50914,
    "24.52": 12493281.19406,
    "24.46": 6047555.5698,
    "24.47": 6484293.00129,
    "24.48": 6750415.77389,
    "24.49": 9546279.18667,
    "24.42": 4431075.24286,
    "24.43": 4918015.67619,
    "24.44": 3934487.90119,
    "24.45": 5753912.03965,
    "24.39": 3353359.69523,
    "24.4": 3566690.80952,
    "24.41": 3950349.05238,
    "24.37": 1691622.79523,
    "24.38": 1958273.94523,
    "24.34": 3276803.225,
    "24.35": 2763327.59167,
    "24.36": 1731108.92857,
    "24.27": 2909601.225,
    "24.28": 4182197.625,
    "24.29": 5691212.31547,
    "24.3": 5734055.11547,
    "24.31": 5580831.24881,
    "24.32": 5585456.94881,
    "24.33": 4823218.78214,
    "24.26": 1666762.20119,
    "24.25": 1677427.32818,
    "24.15": 2136479.42809,
    "24.16": 2093981.28523,
    "24.17": 2116737.84079,
    "24.18": 2556597.84079,
    "24.19": 2320858.34079,
    "24.2": 2918997.8769,
    "24.21": 2577397.06737,
    "24.22": 2430804.86737,
    "24.23": 1542699.41023,
    "24.24": 1447630.11023,
    "24.11": 4655858.19246,
    "24.12": 4485440.43641,
    "24.13": 3148606.68403,
    "24.14": 2999677.22213,
    "24.06": 255393.85714,
    "24.07": 2308277.47024,
    "24.08": 2436349.80357,
    "24.09": 4265977.30357,
    "24.1": 4265977.30357,
    "24.05": 138948.57143,
    "25.61": 6043811.03081,
    "25.62": 6237005.83081,
    "25.63": 6214256.55224,
    "25.64": 6203234.43795,
    "26.26": 20169845.72037,
    "26.27": 21900133.29477,
    "26.28": 19320039.90072,
    "26.29": 20052838.53286,
    "26.3": 22779354.25509,
    "26.31": 21843025.95271,
    "26.32": 23670044.53328,
    "26.33": 23851893.92661,
    "26.34": 27028015.67898,
    "26.35": 27354855.284,
    "26.36": 31021420.04717,
    "26.37": 35076989.3329,
    "26.38": 37494795.39486,
    "26.39": 35465812.40953,
    "26.4": 39079079.36431,
    "26.41": 34549453.04527,
    "26.42": 31413816.74295,
    "26.43": 30225189.09957,
    "26.44": 25100976.67226,
    "26.45": 23033681.3171,
    "26.46": 22281140.13744,
    "26.47": 24876209.01758,
    "26.48": 26046091.81152,
    "26.49": 23780492.52106,
    "26.5": 25740782.77357,
    "26.51": 25296130.17202,
    "26.52": 24278458.29504,
    "26.53": 20601590.86878,
    "26.54": 16027517.12134,
    "26.55": 14596040.41915,
    "26.56": 13184681.79692,
    "26.57": 10953661.798,
    "26.58": 10400647.26467,
    "26.59": 8305324.84971,
    "26.6": 8258967.3588,
    "26.61": 7292053.4274,
    "26.62": 6910899.54228,
    "26.63": 5826157.7268,
    "26.64": 5892548.53633,
    "26.65": 5799355.53633,
    "26.66": 5934007.43471,
    "26.67": 5498645.76804,
    "26.68": 5526926.52434,
    "26.69": 7623749.99458,
    "26.7": 7975963.91958,
    "26.79": 19408133.52368,
    "26.8": 24040207.31264,
    "26.81": 22492290.36819,
    "26.82": 25385031.39557,
    "26.83": 25965371.14557,
    "26.84": 27527777.94514,
    "26.85": 17300878.48681,
    "26.86": 16748439.45824,
    "26.87": 13313889.90586,
    "26.88": 13164286.4379,
    "26.89": 13405114.79504,
    "26.9": 11886253.13195,
    "26.91": 7133500.20013,
    "26.92": 7351806.73346,
    "26.93": 7351806.73346,
    "26.94": 4762828.86203,