{
    "23": 2339578.01111,
    "24": 17812052.73311,
    "25": 11730629.80131,
    "26": 11536789.05487,
    "27": 6875026.79378,
    "28": 27432795.1529,
    "26.17": 15883215.91227,
    "26.18": 16801138.36122,
    "26.19": 16354393.9767,
    "26.2": 16980985.1255,
    "26.21": 17729754.25485,
    "26.22": 17914551.4311,
    "26.23": 18846405.43066,
    "26.24": 18831401.72874,
    "26.11": 21109382.52495,
    "26.12": 20531785.01269,
    "26.13": 20516504.41677,
    "26.14": 17679194.53647,
    "26.15": 19300918.65551,
    "26.16": 17975154.27179,
    "26.25": 19854798.06256,
    "26.09": 20316978.36551,
    "26.1": 17735295.72422,
    "26.07": 21126762.94369,
    "26.08": 17192572.18693,
    "26.05": 19715011.30202,
    "26.06": 18279786.06393,
    "26.02": 17871035.64254,
    "26.03": 19151453.26334,
    "26.04": 19282887.88914,
    "25.92": 12525299.32095,
    "25.93": 16244020.80309,
    "25.94": 16056832.269,
    "25.95": 15493866.85233,
    "25.96": 14959922.46272,
    "25.97": 15729627.16792,
    "25.98": 15711796.59649,
    "25.99": 15488949.64718,
    "25.84": 6870755.03337,
    "25.85": 7274064.82099,
    "25.86": 7265475.25972,
    "25.87": 8885081.88472,
    "25.88": 10666055.45417,
    "25.89": 9516992.07538,
    "25.9": 8642248.36586,
    "25.91": 10641808.72571,
    "26.01": 12548340.2763,
    "25.83": 7688650.69052,
    "25.81": 7634523.084,
    "25.82": 7836861.79233,
    "25.76": 18982408.39325,
    "25.77": 17832970.34881,
    "25.78": 8313293.01855,
    "25.79": 7293428.21578,
    "25.8": 8201396.93956,
    "25.68": 10381911.1381,
    "25.69": 11443394.25021,
    "25.7": 14072212.72099,
    "25.71": 20939956.35592,
    "25.72": 22184962.72259,
    "25.73": 21500227.63688,
    "25.74": 18950463.38887,
    "25.75": 18827573.8115,
    "25.65": 12135086.37758,
    "25.66": 11567212.93115,
    "25.67": 12406340.38811,
    "25.37": 6300980.76202,
    "25.38": 5114921.30986,
    "25.39": 4875235.35589,
    "25.4": 4550295.67256,
    "25.41": 5558792.93685,
    "25.42": 5810975.19518,
    "25.43": 5638618.13129,
    "25.44": 7238188.67197,
    "25.45": 5908029.1061,
    "25.46": 6744822.78229,
    "25.47": 6816341.98229,
    "25.48": 3858825.60133,
    "25.49": 5307389.28189,
    "25.5": 4495788.61522,
    "25.51": 5517820.85827,
    "25.52": 4630845.46938,
    "25.53": 4483446.66938,
    "25.54": 4483446.66938,
    "25.55": 4635898.16938,
    "25.56": 4482454.16938,
    "25.57": 5242263.44139,
    "25.58": 4591126.58583,
    "25.59": 10048953.67378,
    "25.27": 5597588.27089,
    "25.28": 4732058.61256,
    "25.29": 3929352.0945,
    "25.3": 3131616.288,
    "25.31": 3534502.00704,
    "25.32": 3900714.40704,
    "25.33": 4153961.11537,
    "25.34": 4781432.14473,
    "25.35": 4499653.34473,
    "25.36": 4819332.01823,
    "25.23": 7458869.26156,
    "25.24": 7685607.31474,
    "25.25": 6123461.8572,
    "25.26": 6035912.2572,
    "25.09": 18875155.94561,
    "25.1": 13180620.35676,
    "25.11": 12337397.36845,
    "25.12": 10846423.32084,
    "25.13": 10597421.92085,
    "25.14": 10073166.55988,
    "25.15": 11724503.58179,
    "25.16": 11292478.96671,
    "25.17": 10346061.979,
    "25.18": 10882706.20162,
    "25.19": 10895377.95255,
    "25.2": 8736392.91723,
    "25.21": 9572801.36722,
    "25.22": 8026302.82832,
    "25.03": 12133143.8988,
    "25.04": 15180116.58921,
    "25.05": 21646305.06619,
    "25.06": 19285360.88126,
    "25.07": 19200806.32887,
    "25.08": 20391877.81062,
    "24.94": 17254866.96764,
    "24.95": 15767841.42001,
    "24.96": 12786920.83935,
    "24.97": 13385358.91884,
    "24.98": 15887749.29015,
    "24.99": 12272285.55445,
    "25.01": 10984144.39005,
    "25.02": 10178949.73374,
    "24.83": 17840950.39725,
    "24.84": 20671249.64551,
    "24.85": 18058686.87733,
    "24.86": 14866483.27732,
    "24.87": 19832807.69239,
    "24.88": 19506160.80669,
    "24.89": 19166831.55431,
    "24.9": 16650659.92953,
    "24.91": 19862283.68148,
    "24.92": 19985257.15733,
    "24.93": 19824096.45892,
    "24.77": 25215859.05394,
    "24.78": 20334937.82744,
    "24.79": 19093250.27506,
    "24.8": 23538756.37388,
    "24.81": 17213186.03644,
    "24.82": 17703673.1031,
    "24.72": 10076955.90132,
    "24.73": 15207235.34887,
    "24.74": 16592887.05698,
    "24.75": 20026772.31084,
    "24.76": 26470983.65394,
    "25.6": 10305494.31788,
    "24.7": 7183609.38149,
    "24.71": 7538863.00053,
    "24.62": 9916292.60656,
    "24.63": 8082620.62819,
    "24.64": 8049849.29684,
    "24.65": 8248644.21351,
    "24.66": 8306627.03842,
    "24.67": 6123891.35523,
    "24.68": 5386553.64881,
    "24.69": 5913492.16071,
    "24.54": 14005805.47512,
    "24.55": 15186604.95212,
    "24.56": 10038837.37951,
    "24.57": 11074717.28641,
    "24.58": 11119809.68962,
    "24.59": 9504937.46771,
    "24.6": 10288398.80128,
    "24.53": 15203735.03464,
    "24.61": 10069452.36756,
    "24.5": 15553711.71747,
    "24.51": 15544555.09247,
    "24.52": 15524394.77739,
    "24.46": 9554509.85313,
    "24.47": 9991247.28462,
    "24.48": 12307482.05722,
    "24.49": 12577392.77,
    "24.42": 7262812.23698,
    "24.43": 8424969.95952,
    "24.44": 7441442.18452,
    "24.45": 9260866.32298,
    "24.39": 5807550.40046,
    "24.4": 6398427.80364,
    "24.41": 6782086.0465,
    "24.37": 4849252.21392,
    "24.38": 4763952.82546,
    "24.34": 9252210.78395,
    "24.35": 7371198.41036,
    "24.36": 5469779.34726,
    "24.27": 13276532.21833,
    "24.28": 13826103.01833,
    "24.29": 14606478.28023,
    "24.3": 13189766.52467,
    "24.31": 15271654.97745,
    "24.32": 15276280.67745,
    "24.33": 13872685.31078,
    "24.26": 12033693.19452,
    "24.25": 15047156.47847,
    "24.15": 20994528.47423,
    "24.16": 20445041.01887,
    "24.17": 21503037.12999,
    "24.18": 22196351.10831,
    "24.19": 20094014.86094,
    "24.2": 18534056.99117,
    "24.21": 16427240.17162,
    "24.22": 16407160.38829,
    "24.23": 14732777.56751,
    "24.24": 13884367.72206,
    "24.11": 24761275.39679,
    "24.12": 26223624.92645,
    "24.13": 24097890.32792,
    "24.14": 22203505.7147,
    "24.06": 18752145.18002,
    "24.07": 22521291.75903,
    "24.08": 22316288.27698,
    "24.09": 23841648.23254,
    "24.1": 25017823.69325,
    "24.05": 13292609.96931,
    "25.61": 9557314.87344,
    "25.62": 9750509.67344,
    "25.63": 9727760.39487,
    "25.64": 11367899.08058,
    "26.26": 20996375.56652,
    "26.27": 22726663.14092,
    "26.28": 20146569.74687,
    "26.29": 20879368.37901,
    "26.3": 23605884.10124,
    "26.31": 22669555.79886,
    "26.32": 24496574.37943,
    "26.33": 24678423.77276,
    "26.34": 29746415.23942,
    "26.35": 29741391.66496,
    "26.36": 33407956.42813,
    "26.37": 37463525.71386,
    "26.38": 39881331.77582,
    "26.39": 37852348.79049,
    "26.4": 41465615.74527,
    "26.41": 35044119.71194,
    "26.42": 32884532.33554,
    "26.43": 31695904.69216,
    "26.44": 26996656.37318,
    "26.45": 25629155.01802,
    "26.46": 24876613.83836,
    "26.47": 28156754.38517,
    "26.48": 30433801.72078,
    "26.49": 27728207.98588,
    "26.5": 29688498.23839,
    "26.51": 28393750.52573,
    "26.52": 26923044.52375,
    "26.53": 24275289.09749,
    "26.54": 19013856.18338,
    "26.55": 18293373.14786,
    "26.56": 17421266.34731,
    "26.57": 15189426.62112,
    "26.58": 14376612.53223,
    "26.59": 12281290.11727,
    "26.6": 12401643.91207,
    "26.61": 10405617.98067,
    "26.62": 9707185.09555,
    "26.63": 7513762.8515,
    "26.64": 6719842.34436,
    "26.65": 6626649.34436,
    "26.66": 6761301.24274,
    "26.67": 6325939.57607,
    "26.68": 5962499.05964,
    "26.69": 7933368.71507,
    "26.7": 8285582.64007,
    "26.79": 19408133.52368,
    "26.8": 24040207.31264,
    "26.81": 22492290.36819,
    "26.82": 25385031.39557,
    "26.83": 25965371.14557,
    "26.84": 27527777.94514,
    "26.85": 17300878.48681,
    "26.86": 16748439.45824,
    "26.87": 13313889.90586,
    "26.88": 13164286.4379,
    "26.89": 13405114.79504,