{
    "5": 77473.49629,
    "6": 457958.95762,
    "7": 172561.2031,
    "8": 250680.85565,
    "6.35": 478392.05771,
    "6.36": 517172.86683,
    "6.37": 525700.13825,
    "6.38": 513109.14281,
    "6.32": 492087.67319,
    "6.33": 497032.79659,
    "6.34": 484086.87279,
    "6.27": 530773.00146,
    "6.28": 579700.87496,
    "6.29": 594382.73881,
    "6.3": 601578.83032,
    "6.31": 539123.91605,
    "6.39": 426464.56147,
    "6.4": 448063.11981,
    "6.41": 335116.54352,
    "6.42": 320084.14471,
    "6.43": 261840.47804,
    "6.44": 234641.11713,
    "6.26": 507191.11791,
    "6.18": 448235.68341,
    "6.19": 392881.01725,
    "6.2": 450478.45903,
    "6.21": 462848.75497,
    "6.22": 468080.48021,
    "6.23": 493201.58854,
    "6.24": 459775.61275,
    "6.25": 443723.00481,
    "6.12": 482981.06933,
    "6.13": 434675.39553,
    "6.14": 448471.96911,
    "6.15": 514079.64051,
    "6.16": 572511.42939,
    "6.06": 759193.74909,
    "6.07": 888471.15505,
    "6.08": 909366.07966,
    "6.09": 721391.01526,
    "6.1": 667677.93713,
    "6.11": 488421.63123,
    "6.04": 754255.98165,
    "6.05": 784594.04354,
    "6.17": 526161.96035,
    "6.45": 184894.03736,
    "6.46": 152358.45052,
    "6.47": 181046.72946,
    "6.48": 181411.8726,
    "6.49": 141244.37816,
    "6.5": 172257.21387,
    "6.51": 190523.57895,
    "6.52": 230003.44562,
    "6.53": 244251.69897,
    "6.54": 230432.5671,
    "6.59": 363967.27617,
    "6.6": 337804.43014,
    "6.61": 353805.77483,
    "6.62": 286895.6534,
    "6.63": 278088.82007,
    "6.64": 210751.74311,
    "6.55": 215931.30921,
    "6.56": 243821.42523,
    "6.57": 281393.59165,
    "6.58": 272533.16665,
    "6.65": 146094.24238,
    "6.66": 118817.25508,
    "6.67": 111816.10123,
    "6.68": 126280.64668,
    "6.69": 156538.08121,
    "6.7": 184399.74577,
    "6.71": 598154.55486,
    "6.72": 549402.4435,
    "6.73": 590159.40183,
    "6.03": 716433.20146,
    "5.99": 389512.61556,
    "6.01": 650176.9627,
    "6.02": 652270.08697,
    "5.98": 327032.69731,
    "5.97": 320241.27844,
    "5.95": 295221.32645,
    "5.96": 302620.49748,
    "5.9": 232841.14309,
    "5.91": 235990.35051,
    "5.92": 268677.52829,
    "5.93": 270659.11098,
    "5.94": 269476.01812,
    "5.88": 205375.38984,
    "5.89": 180657.01127,
    "5.83": 234806.86902,
    "5.84": 194835.49402,
    "5.85": 233170.94658,
    "5.86": 199952.65372,
    "5.87": 188140.76484,
    "5.79": 444603.35092,
    "5.8": 463013.75925,
    "5.81": 371852.65924,
    "5.82": 366547.58371,
    "5.77": 415659.34525,
    "5.78": 486673.8914,
    "5.76": 447469.98691,
    "5.75": 330368.06796,
    "5.72": 315292.82098,
    "5.73": 273135.68992,
    "5.74": 285448.70659,
    "5.71": 269180.62098,
    "5.7": 232434.40431,
    "5.67": 268559.29597,
    "5.68": 188318.86264,
    "5.69": 198055.82097,
    "5.62": 325298.58583,
    "5.63": 223043.44545,
    "5.64": 215861.19956,
    "5.65": 263109.69836,
    "5.66": 241393.83169,
    "5.58": 257831.12951,
    "5.59": 354505.32182,
    "5.6": 388808.32421,
    "5.61": 349069.42421,
    "5.52": 212760.79953,
    "5.53": 191512.25827,
    "5.54": 216699.38427,
    "5.55": 223398.44618,
    "5.56": 228079.78665,
    "5.57": 265026.95808,
    "5.5": 248763.28764,
    "5.51": 176323.91342,
    "5.47": 159995.51382,
    "5.48": 242402.31859,
    "5.49": 249839.61145,
    "5.46": 190650.51144,
    "5.39": 1198698.22025,
    "5.4": 1179083.72262,
    "5.41": 1217092.85852,
    "5.42": 1215636.99582,
    "5.43": 242271.34939,
    "5.44": 184795.13947,
    "5.45": 145814.31804,
    "5.36": 242831.39682,
    "5.37": 224867.35159,
    "5.38": 1244460.73969,
    "5.35": 230447.7492,
    "5.33": 191261.06705,
    "5.34": 270526.52261,
    "5.32": 241788.48372,
    "5.31": 168426.70039,
    "5.23": 135739.50091,
    "5.24": 127939.96361,
    "5.25": 116253.79694,
    "5.26": 88398.1636,
    "5.27": 69116.43797,
    "5.22": 136432.59615,
    "5.16": 97241.71627,
    "5.17": 90345.32739,
    "5.18": 80271.34525,
    "5.19": 91513.87025,
    "5.2": 89648.83771,
    "5.21": 87390.19723,
    "5.08": 179967.43929,
    "5.09": 145210.77263,
    "5.1": 167084.65302,
    "5.11": 158385.00913,
    "5.12": 134966.1758,
    "5.13": 103755.34247,
    "5.14": 97853.6758,
    "5.15": 81076.21627,
    "5.28": 66895.86864,
    "5.29": 44208.93928,
    "5.3": 145147.80753,
    "5.06": 142884.53055,
    "5.07": 166309.83611,
    "5.05": 143264.25025,
    "5.01": 101383.35938,
    "5.02": 108933.23438,
    "5.03": 111940.32882,
    "5.04": 141186.23358,
    "4.98": 71949.97659,
    "4.99": 74939.85993,
    "4.96": 70712.60033,
    "4.97": 59472.01548,
    "4.95": 61324.79598,
    "4.27": 585.69565,
    "4.28": 585.69565,
    "4.29": 585.69565,
    "4.3": 585.69565,
    "4.31": 585.69565,
    "4.32": 585.69565,
    "4.33": 585.69565,
    "4.34": 585.69565,
    "4.35": 585.69565,
    "4.36": 585.69565,
    "4.37": 585.69565,
    "4.38": 585.69565,
    "4.39": 585.69565,
    "4.4": 585.69565,
    "4.41": 585.69565,
    "4.42": 585.69565,
    "4.43": 585.69565,
    "4.44": 585.69565,
    "4.45": 585.69565,
    "4.46": 585.69565,
    "4.47": 585.69565,
    "4.48": 585.69565,
    "4.49": 585.69565,
    "4.5": 585.69565,
    "4.51": 13285.5021,
    "4.52": 13285.5021,
    "4.53": 13285.5021,
    "4.54": 13285.5021,
    "4.55": 17213.34421,
    "4.56": 28017.62763,
    "4.57": 28017.62763,
    "4.58": 28017.62763,
    "4.59": 28017.62763,
    "4.6": 28017.62763,
    "4.61": 33133.27763,
    "4.62": 35066.57763,
    "4.63": 35066.57763,
    "4.64": 45004.03218,
    "4.65": 57744.85571,
    "4.66": 57744.85571,
    "4.67": 113666.64792,
    "4.68": 137413.50156,
    "4.69": 137413.50156,
    "4.7": 197996.14918,
    "4.71": 201642.29204,
    "4.72": 268554.07751,
    "4.73": 266663.36795,
    "4.74": 260827.09727,
    "4.75": 262133.92049,
    "4.76": 256347.04549,
    "4.77": 242041.4681,
    "4.78": 255187.54115,
    "4.79": 258103.04115,
    "4.8": 502182.57319,
    "4.81": 425382.189,
    "4.82": 383913.97569,
    "4.83": 392525.34236,
    "4.84": 369698.29627,
    "4.85": 374858.98025,
    "4.86": 137722.58303,
    "4.87": 140160.95207,
    "4.88": 145329.70207,
    "4.89": 60528.4873,
    "4.9": 90286.77301,
    "4.91": 79891.43967,
    "4.92": 83967.93967,
    "4.93": 67587.99929,
    "4.94": 72857.29295,
    "6.74": 609891.74301,
    "6.75": 627115.07634,
    "6.76": 608845.36205,
    "6.77": 621604.36205,
    "6.78": 601123.93067,
    "6.79": 595734.38522,
    "6.8": 595734.38522,
    "6.81": 573511.79053,
    "6.82": 102692.67311,
    "6.83": 108492.01157,
    "6.84": 99585.10681,
    "6.85": 120550.00075,
    "6.86": 152729.57954,
    "6.87": 160773.70454,
    "6.88": 155432.70454,
    "6.89": 134678.74999,
    "6.9": 148473.99999,
    "6.91": 110351.37142,
    "6.92": 98735.87142,
    "6.93": 105400.87748,
    "6.94": 96450.28007,
    "6.95": 129070.80867,
    "6.96": 172352.6814,
    "6.97": 164026.15966,
    "6.98": 171461.35966,
    "6.99": 171461.35966,
    "7.01": 270453.46897,
    "7.02": 280352.97453,
    "7.03": 347833.27731,
    "7.04": 320837.48236,
    "7.05": 319263.93691,
    "7.06": 377636.42024,
    "7.07": 453172.42024,
    "7.08": 443384.99167,
    "7.09": 351198.15278,
    "7.1": 303352.54167,
    "7.11": 252781.30555,
    "7.12": 258002.8992,
    "7.13": 137467.8492,
    "7.14": 120856.5992,
    "7.15": 67468.26587,
    "7.16": 67468.26587,
    "7.17": 67468.26587,
    "7.18": 89939.12301,
    "7.21": 89966.51587,
    "7.22": 89966.51587,
    "7.23": 126140.31587,
    "7.24": 126140.31587,
    "7.25": 83527.45873,
    "7.26": 90333.24134,
    "7.27": 90333.24134,
    "7.19": 58955.55158,
    "7.2": 58955.55158,
    "7.28": 51812.52705,
    "7.29": 42979.58261,
    "7.3": 65941.19799,
    "7.31": 112953.49799,
    "7.32": 126871.70851,
    "7.33": 98760.65851,
    "7.34": 98760.65851,
    "7.35": 111998.3728,
    "7.36": 138298.3972,
    "7.37": 138298.3972,
    "7.38": 138298.3972,
    "7.39": 138298.3972,
    "7.4": 138298.3972,