{
    "4": 154346.18255,
    "5": 3273855.33199,
    "6": 89924.73331,
    "7": 156126.95754,
    "8": 19785.625,
    "9": 17490.92593,
    "4.81": 1358703.57599,
    "4.82": 1360691.39266,
    "4.83": 1490412.83298,
    "4.84": 1464373.46667,
    "4.85": 1450980.45,
    "4.86": 2523065.42263,
    "4.87": 2698576.7774,
    "4.88": 2847848.6274,
    "4.89": 2933922.12264,
    "4.9": 2298658.86946,
    "4.91": 2338287.78177,
    "4.92": 1510010.01763,
    "4.93": 1472522.60811,
    "4.94": 1983654.90016,
    "4.75": 322559.75311,
    "4.76": 374064.08645,
    "4.77": 759387.21741,
    "4.78": 778059.94122,
    "4.79": 707113.11026,
    "4.8": 1282822.7174,
    "4.95": 1858045.8573,
    "4.96": 2315884.99475,
    "4.97": 3655680.2051,
    "4.98": 4487454.0043,
    "4.99": 4453953.1548,
    "5.01": 2996965.00909,
    "5.02": 3412561.46624,
    "5.03": 3415626.41184,
    "5.04": 2691817.06541,
    "5.05": 2791425.55073,
    "5.06": 2679041.16264,
    "5.07": 2295897.15154,
    "5.08": 2055229.08211,
    "5.09": 2085494.75949,
    "5.1": 2025960.02117,
    "5.11": 2689683.88682,
    "5.12": 3409238.8902,
    "5.13": 3798044.15329,
    "5.14": 3930298.95204,
    "5.15": 2886776.76991,
    "5.16": 3027673.33775,
    "5.17": 3685504.99015,
    "5.18": 4353016.83936,
    "5.19": 4245192.59276,
    "5.2": 3648122.7173,
    "5.21": 3613972.26372,
    "5.22": 2582439.2042,
    "5.23": 2529063.30276,
    "5.24": 2497181.19561,
    "5.25": 2144225.48975,
    "5.26": 1744533.16236,
    "5.27": 1685171.43497,
    "5.28": 1547587.40738,
    "5.29": 1449920.77707,
    "5.3": 1209652.07509,
    "5.31": 1595501.96914,
    "5.32": 1607088.53582,
    "5.33": 1376978.65176,
    "5.34": 1431245.12421,
    "5.35": 887164.89087,
    "4.73": 142364.60119,
    "4.74": 155569.80119,
    "4.72": 156091.60119,
    "4.67": 372799.65,
    "4.68": 250810.775,
    "4.69": 223092.875,
    "4.7": 161138.20833,
    "4.71": 210855.85119,
    "4.64": 201282.05531,
    "4.65": 228647.44167,
    "4.66": 337975.275,
    "5.36": 978053.17164,
    "5.37": 960863.02013,
    "5.38": 854085.31146,
    "5.39": 684691.19302,
    "5.4": 733567.05969,
    "5.41": 1107837.05492,
    "5.42": 1622885.43769,
    "5.43": 2002586.12449,
    "5.44": 2207079.24079,
    "5.45": 2139221.03841,
    "5.46": 2273580.18073,
    "5.47": 2176584.56565,
    "5.48": 2166608.74094,
    "5.49": 2532022.39381,
    "5.5": 2204769.25095,
    "5.51": 1933172.20332,
    "5.52": 1833196.71283,
    "5.53": 1599195.65272,
    "5.54": 1420787.30056,
    "5.55": 1252393.76283,
    "5.56": 1459789.74736,
    "5.57": 1312098.57634,
    "5.58": 1140166.26224,
    "5.59": 1072298.54612,
    "5.6": 1084052.01278,
    "5.61": 708005.06479,
    "5.62": 844450.35765,
    "5.63": 978013.57727,
    "5.64": 905801.15345,
    "5.65": 1352060.18282,
    "5.66": 1340378.55266,
    "5.7": 1611415.17964,
    "5.71": 1481371.49682,
    "5.72": 852750.88571,
    "5.73": 876125.00475,
    "5.74": 558020.42142,
    "5.69": 1401137.75028,
    "5.75": 795600.65713,
    "5.67": 1236773.06932,
    "5.68": 1399127.25028,
    "5.76": 632294.4369,
    "5.77": 791029.57975,
    "5.78": 777256.62737,
    "5.79": 720862.79087,
    "5.8": 230405.29643,
    "5.81": 271734.9631,
    "5.82": 287392.22977,
    "5.83": 251132.72977,
    "5.84": 112142.0881,
    "5.85": 142170.2881,
    "5.86": 147611.51032,
    "5.87": 129543.49365,
    "5.88": 129543.49365,
    "5.89": 129543.49365,
    "5.9": 99515.29365,
    "5.91": 14052.54365,
    "5.92": 14052.54365,
    "5.93": 20321.09921,
    "5.94": 42531.97421,
    "5.95": 58286.89045,
    "5.96": 64056.80712,
    "4.6": 149396.82197,
    "4.61": 149396.82197,
    "4.62": 133763.48864,
    "4.63": 133763.48864,
    "4.54": 112956.4053,
    "4.55": 61447.04697,
    "4.56": 30390.79697,
    "4.57": 30390.79697,
    "4.58": 23820.96364,
    "4.59": 39454.29697,
    "4.19": 135940.96862,
    "4.2": 140056.20672,
    "4.21": 162190.40672,
    "4.22": 170049.53529,
    "4.23": 171865.53529,
    "4.24": 163126.69798,
    "4.25": 122127.44798,
    "4.26": 153479.24202,
    "4.27": 154197.97059,
    "4.28": 215783.95948,
    "4.29": 235003.78805,
    "4.3": 226017.44563,
    "4.31": 250962.21349,
    "4.32": 233378.86349,
    "4.33": 271174.32778,
    "4.34": 213825.52897,
    "4.35": 243052.31826,
    "4.36": 269238.99683,
    "4.02": 149518.15397,
    "4.03": 151810.90397,
    "4.04": 151810.90397,
    "4.05": 72035.50397,
    "4.06": 74779.93254,
    "4.07": 68894.57143,
    "4.08": 60810.61905,
    "4.09": 71418.28572,
    "4.1": 90465.70953,
    "4.11": 91320.70953,
    "4.12": 86471.04286,
    "4.13": 60254.20953,
    "4.14": 60254.20953,
    "4.15": 44366.38096,
    "4.16": 31855.5,
    "4.17": 61336.89286,
    "4.18": 88965.05953,
    "3.66": 141921.69814,
    "3.67": 141921.69814,
    "3.68": 90975.841,
    "3.69": 90975.841,
    "3.7": 222675.66957,
    "3.71": 212773.12412,
    "3.72": 230523.97333,
    "3.73": 254116.25666,
    "3.74": 304671.55666,
    "3.75": 236893.88928,
    "3.76": 244368.13928,
    "3.77": 219227.75238,
    "3.78": 210103.55238,
    "3.79": 163191.18571,
    "3.8": 190190.48571,
    "3.81": 170620.70793,
    "3.82": 160834.98544,
    "3.83": 161923.98544,
    "3.84": 103894.43544,
    "3.85": 101154.01877,
    "3.86": 158120.03825,
    "3.87": 194581.20491,
    "3.88": 233893.45491,
    "3.89": 249854.57395,
    "3.9": 234774.76745,
    "3.91": 203126.26745,
    "3.92": 207244.89392,
    "3.49": 58172.40057,
    "3.5": 137849.7339,
    "3.51": 139788.8339,
    "3.52": 145038.3339,
    "3.53": 145038.3339,
    "3.54": 138554.76247,
    "3.55": 174229.12611,
    "3.56": 86848.24733,
    "3.57": 81391.4759,
    "3.58": 69178.77045,
    "3.59": 62519.64545,
    "3.6": 91475.23636,
    "3.61": 82987.53517,
    "3.62": 82987.53517,
    "3.63": 119098.53517,
    "3.64": 135764.40184,
    "3.65": 135764.40184,
    "3.93": 182962.76429,
    "3.94": 159271.66429,
    "3.95": 118513.99762,
    "3.96": 110920.29525,
    "3.97": 83382.15478,
    "3.98": 106652.59922,
    "3.99": 107367.53255,
    "3.22": 20136.35476,
    "3.23": 20136.35476,
    "3.24": 20136.35476,
    "3.25": 20136.35476,
    "3.26": 20136.35476,
    "3.27": 29957.7992,
    "3.28": 29957.7992,
    "3.29": 29957.7992,
    "3.3": 51465.9242,
    "3.31": 51465.9242,
    "3.32": 36786.34087,
    "3.33": 39483.50087,
    "3.34": 61118.19532,
    "3.35": 70391.79532,
    "3.36": 60570.35088,
    "3.37": 67812.75088,
    "3.38": 46304.62588,
    "3.39": 46304.62588,
    "3.4": 52788.19731,
    "3.41": 52788.19731,
    "3.42": 45545.79731,
    "3.43": 48008.64453,
    "3.44": 52053.28089,
    "3.45": 50483.22634,
    "3.46": 38962.30967,
    "3.47": 48477.85512,
    "3.48": 48477.85512,
    "3.2": 14679.58333,
    "3.21": 14679.58333,
    "4.01": 132005.77301,
    "4.37": 227281.91628,
    "4.38": 229948.45914,
    "4.39": 247303.51747,
    "4.4": 214341.0008,
    "4.41": 240271.51508,
    "4.42": 121445.24523,
    "4.43": 127519.31666,
    "4.44": 91786.35952,
    "4.45": 71861.29404,
    "4.46": 56703.49404,
    "4.47": 93146.95237,
    "4.48": 80580.83333,
    "4.49": 100326.91666,
    "4.5": 90250.34523,
    "4.51": 109648.07737,
    "4.52": 123840.87499,
    "4.53": 107470.04166,
    "5.97": 87900.36902,
    "5.98": 79489.47616,
    "5.99": 89356.61902,
    "6.01": 110677.73331,
    "6.02": 73511.93846,
    "6.03": 90812.35513,
    "6.04": 102513.71227,
    "6.05": 109579.99402,
    "6.06": 105367.7083,
    "6.07": 90764.19401,
    "6.08": 83348.65555,
    "6.09": 89785.80827,
    "6.1": 101453.40827,
    "6.11": 138072.65827,
    "6.12": 139614.2916,
    "6.13": 225496.64279,
    "6.14": 224906.5539,
    "6.15": 231039.32068,
    "6.16": 263687.58854,
    "6.17": 257215.81354,
    "6.18": 224842.62307,
    "6.19": 147739.14201,
    "6.2": 176615.90391,
    "6.21": 173711.77891,
    "6.22": 171987.61223,
    "6.23": 148443.63484,
    "6.24": 177349.4527,
    "6.25": 178527.31104,
    "6.26": 181200.90498,
    "6.27": 129821.45141,