{
    "81": 2505438.60985,
    "82": 581916.02857,
    "83": 8952180.88563,
    "84": 3081654.23908,
    "85": 8226717.40946,
    "86": 2962865.08771,
    "85.09": 6147081.99103,
    "85.1": 4293840.49104,
    "85.11": 3082179.22968,
    "85.12": 2869582.26718,
    "85.13": 2166605.9894,
    "85.02": 7285079.72533,
    "85.03": 8054027.09081,
    "85.04": 8043637.69358,
    "85.05": 8558168.4325,
    "85.06": 8470755.91187,
    "85.07": 9434514.02616,
    "85.08": 8471549.18866,
    "85.14": 2476875.79773,
    "85.15": 2830423.29773,
    "85.01": 7921448.93922,
    "84.93": 16075628.82509,
    "84.94": 15938878.94489,
    "84.95": 14410458.02585,
    "84.96": 11390944.88955,
    "84.97": 9458933.69691,
    "84.98": 7711525.26358,
    "84.99": 7934737.0731,
    "84.89": 12888985.89786,
    "84.9": 13709732.95381,
    "84.91": 13752579.1181,
    "84.92": 13779297.90881,
    "84.86": 10271468.77444,
    "84.87": 11974333.97286,
    "84.88": 12409992.02048,
    "84.85": 9432663.91611,
    "84.83": 7242985.14651,
    "84.84": 8892828.92179,
    "84.82": 8368595.59333,
    "84.8": 9339201.88767,
    "84.81": 7755259.42414,
    "84.76": 10476765.83212,
    "84.77": 10311821.54283,
    "84.78": 9049059.48449,
    "84.79": 8328754.30116,
    "84.73": 12978086.29283,
    "84.74": 12474822.25116,
    "84.75": 9321297.40751,
    "84.7": 10334716.40853,
    "84.71": 11436166.63386,
    "84.72": 12543847.01188,
    "84.6": 18665877.21433,
    "84.61": 19146472.49647,
    "84.62": 19054352.34747,
    "84.63": 20330757.19627,
    "84.64": 17711517.61969,
    "84.65": 13874063.32486,
    "84.66": 13204274.30857,
    "84.67": 12340528.66484,
    "84.68": 11055262.09579,
    "84.69": 14189724.54294,
    "84.59": 18611275.4785,
    "84.58": 16439447.49408,
    "84.53": 23823662.57847,
    "84.54": 21041326.94589,
    "84.55": 19570755.54283,
    "84.56": 17572103.30798,
    "84.57": 18752895.45799,
    "84.51": 24023813.80456,
    "84.52": 25858299.86607,
    "84.45": 11583402.73173,
    "84.46": 12162525.51983,
    "84.47": 14336981.976,
    "84.48": 18027623.41171,
    "84.49": 20378113.14107,
    "84.5": 23215316.20774,
    "84.38": 8245673.17165,
    "84.39": 7880788.48276,
    "84.4": 8685943.23633,
    "84.41": 8560516.31967,
    "84.42": 7969560.92648,
    "84.43": 9727872.36584,
    "84.44": 11537931.51943,
    "84.25": 4178427.31655,
    "84.26": 4091739.69155,
    "84.27": 4658747.85822,
    "84.28": 5088105.55822,
    "84.29": 5632337.086,
    "84.3": 5607769.02562,
    "84.31": 4965820.578,
    "84.32": 6294323.303,
    "84.33": 6269241.65578,
    "84.34": 6773429.89745,
    "84.35": 8046228.05221,
    "84.36": 7986976.55777,
    "84.37": 6968865.65777,
    "84.23": 2799621.77545,
    "84.24": 3158149.50086,
    "84.17": 3539959.82783,
    "84.18": 3562844.28973,
    "84.19": 3027684.52663,
    "84.2": 2894199.52663,
    "84.21": 3098128.52663,
    "84.22": 1954264.66592,
    "84.16": 3289654.92697,
    "84.14": 3694438.58174,
    "84.15": 3770543.01031,
    "84.13": 5979070.04008,
    "84.12": 5940595.83531,
    "84.11": 4925931.04603,
    "84.08": 4014069.8518,
    "84.09": 4012615.8518,
    "84.1": 4477959.6377,
    "84.05": 2308837.44119,
    "84.06": 3372809.48077,
    "84.07": 3390515.8141,
    "84.02": 1783514.69861,
    "84.03": 1557756.44861,
    "84.04": 2182226.05218,
    "83.92": 5179892.20943,
    "83.93": 4009803.99276,
    "83.94": 4084799.9499,
    "83.95": 3878328.83626,
    "83.96": 3606781.23626,
    "83.97": 3636000.84203,
    "83.98": 4010369.43489,
    "83.99": 2886818.36408,
    "84.01": 2441101.98194,
    "83.91": 7617091.09129,
    "83.89": 10803386.90082,
    "83.9": 8059765.15082,
    "83.8": 4611822.31922,
    "83.81": 3999283.63033,
    "83.82": 4183886.68033,
    "83.83": 4199265.93033,
    "83.84": 5641067.40652,
    "83.79": 5533625.66922,
    "83.77": 4425299.14779,
    "83.78": 4428390.3835,
    "83.85": 6246548.68748,
    "83.86": 7556569.12319,
    "83.87": 8444213.17582,
    "83.75": 7525120.4508,
    "83.76": 5701685.75732,
    "83.74": 8071054.1508,
    "83.72": 9268697.83413,
    "83.73": 7713122.1508,
    "83.66": 7864509.63408,
    "83.67": 7418048.26186,
    "83.68": 8691750.26442,
    "83.69": 8866013.57394,
    "83.7": 9924194.47394,
    "83.71": 9289127.92143,
    "83.65": 7801211.05292,
    "83.64": 9857469.86887,
    "83.62": 11826088.55219,
    "83.63": 12269625.26172,
    "83.58": 12916489.50339,
    "83.59": 12595898.16172,
    "83.6": 13254549.46172,
    "83.61": 12703775.99505,
    "83.56": 12170786.80974,
    "83.57": 13467955.38117,
    "83.47": 8849210.60249,
    "83.48": 7702276.0777,
    "83.49": 7002992.96341,
    "83.5": 8320500.4015,
    "83.51": 6882691.80746,
    "83.52": 8942657.42664,
    "83.53": 9890220.37427,
    "83.44": 10563426.49237,
    "83.45": 10078012.63126,
    "83.46": 9948078.07094,
    "83.54": 9017502.74881,
    "83.55": 8442109.63037,
    "83.43": 9450619.04,
    "83.4": 6672831.4853,
    "83.41": 6887794.69171,
    "83.42": 7638930.55601,
    "83.37": 8593317.81344,
    "83.38": 8777765.86149,
    "83.39": 7045724.91863,
    "83.36": 9966434.69222,
    "83.33": 12517119.99302,
    "83.34": 10429437.10413,
    "83.35": 11446837.94936,
    "83.28": 14799115.01782,
    "83.29": 15697587.91533,
    "83.3": 12321425.15819,
    "83.31": 11950556.95979,
    "83.27": 18154739.24321,
    "83.25": 19224715.00237,
    "83.26": 19389859.09284,
    "83.22": 23505676.05992,
    "83.23": 22095617.39484,
    "83.24": 19232091.96983,
    "83.21": 25404273.87897,
    "83.13": 15108290.53683,
    "83.14": 14034041.27117,
    "83.15": 14804358.64918,
    "83.16": 17938339.91734,
    "83.17": 17618929.44512,
    "83.18": 24135765.27489,
    "83.2": 24493364.61824,
    "83.19": 21990297.81229,
    "83.09": 14595293.34815,
    "83.1": 16609434.0037,
    "83.11": 16411514.66441,
    "83.12": 14032650.47017,
    "83.32": 11869641.51683,
    "83.04": 13815265.68279,
    "83.05": 16952158.867,
    "83.06": 16207911.88367,
    "83.07": 17111185.03367,
    "83.08": 14106736.23981,
    "83.02": 9803826.36157,
    "83.03": 10983309.01612,
    "83.01": 10065541.71896,
    "82.93": 9743412.95115,
    "82.94": 11288507.47496,
    "82.95": 12457796.87496,
    "82.96": 12455509.32496,
    "82.97": 12308831.1833,
    "82.98": 12098636.76323,
    "82.99": 11172483.86897,
    "82.89": 12100229.79008,
    "82.9": 10837578.05198,
    "82.91": 8840943.99429,
    "82.92": 8642978.20953,
    "82.87": 9005650.25932,
    "82.88": 10863772.23551,
    "82.86": 7323059.94222,
    "82.85": 7694642.81602,
    "82.83": 10023514.32078,
    "82.84": 7275562.06602,
    "83.88": 7728691.52582,
    "85.16": 3292026.69773,
    "85.17": 3521310.47551,
    "85.18": 4221127.27551,
    "85.19": 3979116.66945,
    "85.2": 3979116.66945,
    "85.21": 3434070.26945,
    "85.22": 3135649.64445,
    "85.23": 3135649.64445,
    "85.24": 5462259.44445,
    "85.25": 5426576.84445,
    "85.26": 5577019.20953,
    "85.27": 5577019.20953,
    "85.28": 3990099.90953,
    "85.29": 2251160.94286,
    "85.3": 1503352.14286,
    "85.31": 1251102.97619,
    "85.32": 1251102.97619,
    "85.33": 871376.83333,
    "85.34": 871376.83333,
    "85.36": 400620.26667,
    "85.37": 685769.36667,
    "85.38": 685769.36667,
    "85.39": 685769.36667,
    "85.4": 685769.36667,
    "85.41": 685769.36667,
    "85.42": 1746090.76667,
    "85.43": 1746090.76667,
    "85.44": 2205983.93334,
    "85.45": 2205983.93334,
    "85.46": 2205983.93334,
    "85.47": 1348814.93334,
    "85.48": 2258866.04048,
    "85.49": 3036438.54048,
    "85.5": 3712599.95714,
    "85.62": 5286253.17598,
    "85.63": 4998542.73154,
    "85.64": 4577977.56487,
    "85.65": 5024632.99344,
    "85.66": 5329813.749,
    "85.67": 5150813.96567,
    "85.68": 3900978.55496,
    "85.69": 3900978.55496,
    "85.7": 3443493.9994,
    "85.71": 3171625.13273,
    "85.72": 2515570.34702,
    "85.73": 2515570.34702,
    "85.74": 2921154.01369,
    "85.75": 3686269.18035,
    "85.76": 3623806.33493,