{
    "83": 1697566.67619,
    "84": 2710703.00831,
    "85": 7732457.63673,
    "86": 2962865.08771,
    "85.09": 4619828.0933,
    "85.1": 2766586.59331,
    "85.11": 1962334.95695,
    "85.12": 862635.49445,
    "85.13": 785243.71667,
    "85.02": 6790819.9526,
    "85.03": 7152357.69308,
    "85.04": 7141968.29585,
    "85.05": 6967002.78477,
    "85.06": 6879590.26414,
    "85.07": 7217763.87843,
    "85.08": 6254799.04093,
    "85.14": 513386.9,
    "85.15": 83443,
    "85.01": 7427189.16649,
    "84.93": 10881327.60604,
    "84.94": 10744577.72584,
    "84.95": 9216156.8068,
    "84.96": 7656325.00383,
    "84.97": 6304980.75275,
    "84.98": 7217265.49085,
    "84.99": 7440477.30037,
    "84.89": 10833157.2312,
    "84.9": 9676667.57286,
    "84.91": 9656633.49905,
    "84.92": 9683352.28976,
    "84.86": 9272399.10778,
    "84.87": 9918505.3062,
    "84.88": 10354163.35382,
    "84.85": 8433594.24945,
    "84.83": 6840062.81318,
    "84.84": 8489906.58846,
    "84.82": 7965673.26,
    "84.8": 8936279.55434,
    "84.81": 7352337.09081,
    "84.76": 10073843.49879,
    "84.77": 9908899.2095,
    "84.78": 8646137.15116,
    "84.79": 7925831.96783,
    "84.73": 11642888.34839,
    "84.74": 11732157.47339,
    "84.75": 8578632.62974,
    "84.7": 8999518.46409,
    "84.71": 10100968.68942,
    "84.72": 11208649.06744,
    "84.6": 17495085.64708,
    "84.61": 17865664.91335,
    "84.62": 18048458.55382,
    "84.63": 17274081.54548,
    "84.64": 15236033.19112,
    "84.65": 11398578.89629,
    "84.66": 10728789.88,
    "84.67": 9525301.79183,
    "84.68": 8072204.62754,
    "84.69": 10803744.74136,
    "84.59": 17440483.91125,
    "84.58": 15268655.92683,
    "84.53": 22938353.16677,
    "84.54": 20451726.60086,
    "84.55": 18399963.97558,
    "84.56": 16401311.74073,
    "84.57": 17582103.89074,
    "84.51": 22491267.61508,
    "84.52": 24701545.7877,
    "84.45": 8297350.35416,
    "84.46": 9133739.09464,
    "84.47": 12122047.08652,
    "84.48": 15812688.52223,
    "84.49": 18163178.25159,
    "84.5": 21682770.01826,
    "84.38": 5768490.43633,
    "84.39": 5107896.68077,
    "84.4": 5157150.10934,
    "84.41": 5031723.19268,
    "84.42": 5330136.94949,
    "84.43": 6400705.09938,
    "84.44": 7939319.5863,
    "84.25": 2383067.7987,
    "84.26": 2296380.1737,
    "84.27": 2863388.34037,
    "84.28": 3292746.04037,
    "84.29": 3836977.56815,
    "84.3": 4060029.3292,
    "84.31": 3140431.71491,
    "84.32": 3510904.66491,
    "84.33": 3751415.89269,
    "84.34": 4608806.71769,
    "84.35": 5881604.87245,
    "84.36": 5509793.82245,
    "84.37": 4491682.92245,
    "84.23": 1527121.08498,
    "84.24": 1885648.81039,
    "84.17": 2380850.13736,
    "84.18": 2403734.59926,
    "84.19": 2024586.15759,
    "84.2": 1891101.15759,
    "84.21": 2095030.15759,
    "84.22": 1391829.54688,
    "84.16": 2130545.2365,
    "84.14": 3329194.7246,
    "84.15": 3405299.15317,
    "84.13": 5613826.18294,
    "84.12": 5575351.97817,
    "84.11": 4925931.04603,
    "84.08": 3643118.62103,
    "84.09": 3641664.62103,
    "84.1": 4477959.6377,
    "84.05": 1937886.21042,
    "84.06": 3001858.25,
    "84.07": 3019564.58333,
    "84.02": 1412563.46784,
    "84.03": 1186805.21784,
    "84.04": 1811274.82141,
    "83.92": 4953337.25291,
    "83.93": 3783249.03624,
    "83.94": 3858244.99338,
    "83.95": 3651773.87974,
    "83.96": 3380226.27974,
    "83.97": 3038494.65474,
    "83.98": 3412863.2476,
    "83.99": 2515867.13331,
    "84.01": 2070150.75117,
    "83.91": 7390536.13477,
    "83.89": 9942696.9443,
    "83.9": 7199075.1943,
    "83.8": 4385267.3627,
    "83.81": 3772728.67381,
    "83.82": 3143033.72381,
    "83.83": 3158412.97381,
    "83.84": 3966079.45,
    "83.79": 5307070.7127,
    "83.77": 4198744.19127,
    "83.78": 4201835.42698,
    "83.85": 4571560.73096,
    "83.86": 5881581.16667,
    "83.87": 6769225.2193,
    "83.75": 7272292.78413,
    "83.76": 5222303.13413,
    "83.74": 7818226.48413,
    "83.72": 9015870.16746,
    "83.73": 7460294.48413,
    "83.66": 7611681.96741,
    "83.67": 7165220.59519,
    "83.68": 8438922.59775,
    "83.69": 8613185.90727,
    "83.7": 9671366.80727,
    "83.71": 9036300.25476,
    "83.65": 7548383.38625,
    "83.64": 9604642.2022,
    "83.62": 11573260.88552,
    "83.63": 12016797.59505,
    "83.58": 12245522.63672,
    "83.59": 11924931.29505,
    "83.6": 12583582.59505,
    "83.61": 12032809.12838,
    "83.56": 11109871.44307,
    "83.57": 12407040.0145,
    "83.47": 6823066.06122,
    "83.48": 5676131.53643,
    "83.49": 5314531.12214,
    "83.5": 6242090.06023,
    "83.51": 5669743.7519,
    "83.52": 7311570.17108,
    "83.53": 8259133.11871,
    "83.44": 8306156.54138,
    "83.45": 8076280.95805,
    "83.46": 7621450.84217,
    "83.54": 7884519.49325,
    "83.55": 7634021.93037,
    "83.43": 8058811.37472,
    "83.4": 4920384.82002,
    "83.41": 5135348.02643,
    "83.42": 5886483.89073,
    "83.37": 5625337.06407,
    "83.38": 6339474.02121,
    "83.39": 4269750.37835,
    "83.36": 6998453.94285,
    "83.33": 9753265.43809,
    "83.34": 7075159.43809,
    "83.35": 8478857.19999,
    "83.28": 11872278.09682,
    "83.29": 13104260.60971,
    "83.3": 10075856.78114,
    "83.31": 9404505.89524,
    "83.27": 14618044.37777,
    "83.25": 16473247.3238,
    "83.26": 16638391.41427,
    "83.22": 19376391.50398,
    "83.23": 18667317.83334,
    "83.24": 16369626.78333,
    "83.21": 19973509.92303,
    "83.13": 6397665.51666,
    "83.14": 5735149.26111,
    "83.15": 8136625.12181,
    "83.16": 8960715.35991,
    "83.17": 8961970.10991,
    "83.18": 15478805.93968,
    "83.2": 18505320.32897,
    "83.19": 14493886.52302,
    "83.09": 7308499.92501,
    "83.1": 8220628.80834,
    "83.11": 6202841.54167,
    "83.12": 4756346.95,
    "83.32": 8731911.9619,
    "83.04": 5328822.725,
    "83.05": 8198894.725,
    "83.06": 8219279.61667,
    "83.07": 8497301.39167,
    "83.08": 5878846.94167,
    "83.02": 2231690.85833,
    "83.03": 2496866.05833,
    "83.01": 1737424.80119,
    "82.93": 2819729.92143,
    "82.94": 4364824.44524,
    "82.95": 5534113.84524,
    "82.96": 6254326.34524,
    "82.97": 6070799.47024,
    "82.98": 4807429.94524,
    "82.99": 3917869.65953,
    "82.89": 4604933.88691,
    "82.9": 4181901.38691,
    "82.91": 2762689.63691,
    "82.92": 2503830.87262,
    "82.87": 3205630.78572,
    "82.88": 4472372.42858,
    "82.86": 1239886.05953,
    "82.85": 641214.41667,
    "82.83": 222133.66667,
    "82.84": 222133.66667,
    "83.88": 6868001.5693,
    "85.16": 545046.4,
    "85.17": 774330.17778,
    "85.18": 2361249.47778,
    "85.19": 2613498.64445,
    "85.2": 2613498.64445,
    "85.21": 2068452.24445,
    "85.22": 2352158.24445,
    "85.23": 2352158.24445,
    "85.24": 4678768.04445,
    "85.25": 5426576.84445,
    "85.26": 5577019.20953,
    "85.27": 5577019.20953,
    "85.28": 3990099.90953,
    "85.29": 2251160.94286,
    "85.3": 1503352.14286,
    "85.31": 1251102.97619,
    "85.32": 1251102.97619,
    "85.33": 871376.83333,
    "85.34": 871376.83333,
    "85.36": 400620.26667,
    "85.37": 685769.36667,
    "85.38": 685769.36667,
    "85.39": 685769.36667,
    "85.4": 685769.36667,
    "85.41": 685769.36667,
    "85.42": 1746090.76667,
    "85.43": 1746090.76667,
    "85.44": 2205983.93334,
    "85.45": 2205983.93334,
    "85.46": 2205983.93334,
    "85.47": 1348814.93334,
    "85.48": 2258866.04048,
    "85.49": 3036438.54048,
    "85.5": 3712599.95714,
    "85.62": 5286253.17598,
    "85.63": 4998542.73154,
    "85.64": 4577977.56487,
    "85.65": 5024632.99344,
    "85.66": 5329813.749,
    "85.67": 5150813.96567,
    "85.68": 3900978.55496,
    "85.69": 3900978.55496,
    "85.7": 3443493.9994,
    "85.71": 3171625.13273,
    "85.72": 2515570.34702,
    "85.73": 2515570.34702,
    "85.74": 2921154.01369,
    "85.75": 3686269.18035,
    "85.76": 3623806.33493,
    "85.77": 6273260.01491,
    "85.57": 4306103.20674,
    "85.58": 3812408.18769,
    "85.59": 2002569.27102,
    "85.6": 2519629.39602,