{
    "83": 1697566.67619,
    "84": 2710703.00831,
    "85": 8226717.40946,
    "86": 2962865.08771,
    "85.09": 6147081.99103,
    "85.1": 4293840.49104,
    "85.11": 3082179.22968,
    "85.12": 2869582.26718,
    "85.13": 2166605.9894,
    "85.02": 7285079.72533,
    "85.03": 8054027.09081,
    "85.04": 8043637.69358,
    "85.05": 8558168.4325,
    "85.06": 8470755.91187,
    "85.07": 9434514.02616,
    "85.08": 8471549.18866,
    "85.14": 2476875.79773,
    "85.15": 2830423.29773,
    "85.01": 7921448.93922,
    "84.93": 16075628.82509,
    "84.94": 15938878.94489,
    "84.95": 14410458.02585,
    "84.96": 11390944.88955,
    "84.97": 9458933.69691,
    "84.98": 7711525.26358,
    "84.99": 7934737.0731,
    "84.89": 12888985.89786,
    "84.9": 13709732.95381,
    "84.91": 13752579.1181,
    "84.92": 13779297.90881,
    "84.86": 10271468.77444,
    "84.87": 11974333.97286,
    "84.88": 12409992.02048,
    "84.85": 9432663.91611,
    "84.83": 7242985.14651,
    "84.84": 8892828.92179,
    "84.82": 8368595.59333,
    "84.8": 9339201.88767,
    "84.81": 7755259.42414,
    "84.76": 10476765.83212,
    "84.77": 10311821.54283,
    "84.78": 9049059.48449,
    "84.79": 8328754.30116,
    "84.73": 12978086.29283,
    "84.74": 12474822.25116,
    "84.75": 9321297.40751,
    "84.7": 10334716.40853,
    "84.71": 11436166.63386,
    "84.72": 12543847.01188,
    "84.6": 18665877.21433,
    "84.61": 19146472.49647,
    "84.62": 19054352.34747,
    "84.63": 20330757.19627,
    "84.64": 17711517.61969,
    "84.65": 13874063.32486,
    "84.66": 13204274.30857,
    "84.67": 12340528.66484,
    "84.68": 11055262.09579,
    "84.69": 14189724.54294,
    "84.59": 18611275.4785,
    "84.58": 16439447.49408,
    "84.53": 23823662.57847,
    "84.54": 21041326.94589,
    "84.55": 19570755.54283,
    "84.56": 17572103.30798,
    "84.57": 18752895.45799,
    "84.51": 24023813.80456,
    "84.52": 25858299.86607,
    "84.45": 11583402.73173,
    "84.46": 12162525.51983,
    "84.47": 14336981.976,
    "84.48": 18027623.41171,
    "84.49": 20378113.14107,
    "84.5": 23215316.20774,
    "84.38": 8245673.17165,
    "84.39": 7880788.48276,
    "84.4": 8685943.23633,
    "84.41": 8560516.31967,
    "84.42": 7969560.92648,
    "84.43": 9727872.36584,
    "84.44": 11537931.51943,
    "84.25": 4178427.31655,
    "84.26": 4091739.69155,
    "84.27": 4658747.85822,
    "84.28": 5088105.55822,
    "84.29": 5632337.086,
    "84.3": 5607769.02562,
    "84.31": 4965820.578,
    "84.32": 6294323.303,
    "84.33": 6269241.65578,
    "84.34": 6773429.89745,
    "84.35": 8046228.05221,
    "84.36": 7986976.55777,
    "84.37": 6968865.65777,
    "84.23": 2799621.77545,
    "84.24": 3158149.50086,
    "84.17": 2380850.13736,
    "84.18": 2403734.59926,
    "84.19": 2233818.6933,
    "84.2": 2100333.6933,
    "84.21": 2304262.6933,
    "84.22": 1954264.66592,
    "84.16": 2130545.2365,
    "84.14": 3329194.7246,
    "84.15": 3405299.15317,
    "84.13": 5613826.18294,
    "84.12": 5575351.97817,
    "84.11": 4925931.04603,
    "84.08": 3643118.62103,
    "84.09": 3641664.62103,
    "84.1": 4477959.6377,
    "84.05": 1937886.21042,
    "84.06": 3001858.25,
    "84.07": 3019564.58333,
    "84.02": 1412563.46784,
    "84.03": 1186805.21784,
    "84.04": 1811274.82141,
    "83.92": 4953337.25291,
    "83.93": 3783249.03624,
    "83.94": 3858244.99338,
    "83.95": 3651773.87974,
    "83.96": 3380226.27974,
    "83.97": 3038494.65474,
    "83.98": 3412863.2476,
    "83.99": 2515867.13331,
    "84.01": 2070150.75117,
    "83.91": 7390536.13477,
    "83.89": 9942696.9443,
    "83.9": 7199075.1943,
    "83.8": 4385267.3627,
    "83.81": 3772728.67381,
    "83.82": 3143033.72381,
    "83.83": 3158412.97381,
    "83.84": 3966079.45,
    "83.79": 5307070.7127,
    "83.77": 4198744.19127,
    "83.78": 4201835.42698,
    "83.85": 4571560.73096,
    "83.86": 5881581.16667,
    "83.87": 6769225.2193,
    "83.75": 7272292.78413,
    "83.76": 5222303.13413,
    "83.74": 7818226.48413,
    "83.72": 9015870.16746,
    "83.73": 7460294.48413,
    "83.66": 7611681.96741,
    "83.67": 7165220.59519,
    "83.68": 8438922.59775,
    "83.69": 8613185.90727,
    "83.7": 9671366.80727,
    "83.71": 9036300.25476,
    "83.65": 7548383.38625,
    "83.64": 9604642.2022,
    "83.62": 11573260.88552,
    "83.63": 12016797.59505,
    "83.58": 12245522.63672,
    "83.59": 11924931.29505,
    "83.6": 12583582.59505,
    "83.61": 12032809.12838,
    "83.56": 11109871.44307,
    "83.57": 12407040.0145,
    "83.47": 6823066.06122,
    "83.48": 5676131.53643,
    "83.49": 5314531.12214,
    "83.5": 6242090.06023,
    "83.51": 5669743.7519,
    "83.52": 7311570.17108,
    "83.53": 8259133.11871,
    "83.44": 8306156.54138,
    "83.45": 8076280.95805,
    "83.46": 7621450.84217,
    "83.54": 7884519.49325,
    "83.55": 7634021.93037,
    "83.43": 8058811.37472,
    "83.4": 4920384.82002,
    "83.41": 5135348.02643,
    "83.42": 5886483.89073,
    "83.37": 5625337.06407,
    "83.38": 6339474.02121,
    "83.39": 4269750.37835,
    "83.36": 6998453.94285,
    "83.33": 9753265.43809,
    "83.34": 7075159.43809,
    "83.35": 8478857.19999,
    "83.28": 11872278.09682,
    "83.29": 13104260.60971,
    "83.3": 10075856.78114,
    "83.31": 9404505.89524,
    "83.27": 14618044.37777,
    "83.25": 16473247.3238,
    "83.26": 16638391.41427,
    "83.22": 19376391.50398,
    "83.23": 18667317.83334,
    "83.24": 16369626.78333,
    "83.21": 19973509.92303,
    "83.13": 6397665.51666,
    "83.14": 5735149.26111,
    "83.15": 8136625.12181,
    "83.16": 8960715.35991,
    "83.17": 8961970.10991,
    "83.18": 15478805.93968,
    "83.2": 18505320.32897,
    "83.19": 14493886.52302,
    "83.09": 7308499.92501,
    "83.1": 8220628.80834,
    "83.11": 6202841.54167,
    "83.12": 4756346.95,
    "83.32": 8731911.9619,
    "83.04": 5328822.725,
    "83.05": 8198894.725,
    "83.06": 8219279.61667,
    "83.07": 8497301.39167,
    "83.08": 5878846.94167,
    "83.02": 2231690.85833,
    "83.03": 2496866.05833,
    "83.01": 1737424.80119,
    "82.93": 2819729.92143,
    "82.94": 4364824.44524,
    "82.95": 5534113.84524,
    "82.96": 6254326.34524,
    "82.97": 6070799.47024,
    "82.98": 4807429.94524,
    "82.99": 3917869.65953,
    "82.89": 4604933.88691,
    "82.9": 4181901.38691,
    "82.91": 2762689.63691,
    "82.92": 2503830.87262,
    "82.87": 3205630.78572,
    "82.88": 4472372.42858,
    "82.86": 1239886.05953,
    "82.85": 641214.41667,
    "82.83": 222133.66667,
    "82.84": 222133.66667,
    "83.88": 6868001.5693,
    "85.16": 3292026.69773,
    "85.17": 3521310.47551,
    "85.18": 4221127.27551,
    "85.19": 3979116.66945,
    "85.2": 3979116.66945,
    "85.21": 3434070.26945,
    "85.22": 3135649.64445,
    "85.23": 3135649.64445,
    "85.24": 5462259.44445,
    "85.25": 5426576.84445,
    "85.26": 5577019.20953,
    "85.27": 5577019.20953,
    "85.28": 3990099.90953,
    "85.29": 2251160.94286,
    "85.3": 1503352.14286,
    "85.31": 1251102.97619,
    "85.32": 1251102.97619,
    "85.33": 871376.83333,
    "85.34": 871376.83333,
    "85.36": 400620.26667,
    "85.37": 685769.36667,
    "85.38": 685769.36667,
    "85.39": 685769.36667,
    "85.4": 685769.36667,
    "85.41": 685769.36667,
    "85.42": 1746090.76667,
    "85.43": 1746090.76667,
    "85.44": 2205983.93334,
    "85.45": 2205983.93334,
    "85.46": 2205983.93334,
    "85.47": 1348814.93334,
    "85.48": 2258866.04048,
    "85.49": 3036438.54048,
    "85.5": 3712599.95714,
    "85.62": 5286253.17598,
    "85.63": 4998542.73154,
    "85.64": 4577977.56487,
    "85.65": 5024632.99344,
    "85.66": 5329813.749,
    "85.67": 5150813.96567,
    "85.68": 3900978.55496,
    "85.69": 3900978.55496,
    "85.7": 3443493.9994,
    "85.71": 3171625.13273,
    "85.72": 2515570.34702,
    "85.73": 2515570.34702,
    "85.74": 2921154.01369,
    "85.75": 3686269.18035,
    "85.76": 3623806.33493,
    "85.77": 6273260.01491,
    "85.57": 4306103.20674,
    "85.58": 3812408.18769,