{
    "24": 1284574.05762,
    "25": 7384925.66455,
    "26": 6598995.80828,
    "27": 4141083.19337,
    "28": 1688971.48085,
    "29": 117815.92308,
    "24.69": 4519941.61883,
    "24.7": 4774075.83346,
    "24.71": 5101507.01203,
    "24.72": 5340703.52015,
    "24.73": 5515237.7134,
    "24.74": 5386103.05785,
    "24.75": 5540808.67213,
    "24.76": 5484531.12465,
    "24.77": 6723944.56752,
    "24.78": 6139149.02783,
    "24.79": 6373339.59334,
    "24.8": 6503550.5186,
    "24.66": 4389414.73026,
    "24.67": 4243675.04394,
    "24.68": 4284869.11407,
    "24.48": 3768414.37142,
    "24.49": 3434860.74443,
    "24.5": 4359894.61943,
    "24.51": 4209092.56489,
    "24.52": 4051000.4558,
    "24.53": 4246485.85614,
    "24.54": 4358832.53691,
    "24.55": 4750834.04167,
    "24.56": 4253993.40429,
    "24.57": 3673696.53887,
    "24.43": 5033904.89304,
    "24.44": 4338132.31088,
    "24.45": 4315129.00918,
    "24.46": 3740898.88033,
    "24.47": 3830085.81366,
    "24.58": 3689322.13053,
    "24.32": 5471972.25713,
    "24.33": 5029471.37209,
    "24.34": 5574981.52466,
    "24.35": 5489381.43441,
    "24.36": 5263456.82568,
    "24.37": 5438715.06854,
    "24.38": 5374800.4396,
    "24.39": 4972232.36181,
    "24.4": 5006387.9116,
    "24.41": 4963613.09256,
    "24.42": 4933828.2115,
    "24.59": 3637070.61565,
    "24.6": 3413316.09502,
    "24.61": 3724566.46389,
    "24.62": 3107114.34484,
    "24.63": 3619601.82179,
    "24.64": 3927569.29084,
    "24.65": 4139355.80883,
    "24.81": 6646527.3633,
    "24.82": 6233358.0545,
    "24.83": 5175634.18068,
    "24.84": 6258966.77459,
    "24.85": 6094386.85641,
    "24.86": 6042251.24301,
    "24.87": 5157384.72288,
    "24.88": 4980663.6705,
    "24.89": 5489799.87097,
    "24.9": 5726001.67184,
    "24.91": 5707337.89962,
    "24.92": 5348601.59407,
    "24.93": 5538920.95908,
    "24.94": 6038760.77271,
    "24.95": 6406733.80841,
    "24.96": 6297336.69623,
    "24.97": 7865467.91149,
    "24.98": 7343401.91799,
    "24.99": 7379823.34984,
    "25.01": 7209472.14251,
    "25.02": 6810687.0611,
    "25.03": 6457843.20991,
    "25.04": 5849924.30781,
    "25.05": 5456283.79775,
    "25.06": 4961226.42871,
    "25.07": 4385220.70568,
    "25.08": 4894882.67409,
    "25.14": 6204569.50039,
    "25.15": 5913992.82578,
    "25.16": 5800993.77578,
    "25.17": 5971641.5824,
    "25.18": 6947677.60092,
    "25.19": 6902942.63905,
    "25.2": 6914940.96208,
    "25.21": 7980823.45287,
    "25.22": 7953615.46239,
    "25.23": 8702902.3848,
    "25.24": 8526215.2975,
    "25.25": 8474755.70854,
    "25.26": 8095970.30616,
    "25.27": 8353078.61128,
    "25.28": 6104753.18707,
    "25.29": 6067880.19222,
    "25.3": 6304212.23375,
    "25.31": 5822652.16592,
    "25.32": 5314749.81711,
    "25.33": 5566845.60972,
    "25.34": 5328796.22162,
    "25.35": 4784439.95219,
    "25.36": 3771349.27591,
    "25.37": 3806139.2631,
    "25.38": 3599230.99251,
    "25.39": 3646720.84072,
    "25.4": 4579439.79786,
    "25.41": 4643862.63444,
    "25.42": 4377493.50385,
    "25.43": 4702461.72019,
    "25.44": 4366096.53741,
    "25.49": 5670917.54382,
    "25.5": 6101148.51818,
    "25.51": 6048062.73009,
    "25.52": 6410974.70787,
    "25.53": 6396221.2149,
    "25.54": 6269484.3224,
    "25.48": 4414387.5845,
    "25.55": 4728618.70633,
    "25.56": 4703333.67843,
    "25.57": 4923388.22972,
    "25.58": 5550615.90867,
    "25.59": 5312898.242,
    "25.6": 4649213.03421,
    "25.61": 4848130.88681,
    "25.62": 5325805.80146,
    "25.45": 4360425.31518,
    "25.46": 3960685.3838,
    "25.47": 4177660.36793,
    "25.12": 5912564.01125,
    "25.13": 6361150.50039,
    "25.1": 5074799.14188,
    "25.11": 5421024.05168,
    "25.09": 5301968.36298,
    "25.8": 6331009.18804,
    "25.81": 6922811.6403,
    "25.82": 6550906.7155,
    "25.83": 5722106.24077,
    "25.84": 6569925.11649,
    "25.85": 6740203.21174,
    "25.86": 5861061.64668,
    "25.87": 5685818.60004,
    "25.88": 6046135.6479,
    "25.89": 6545063.48692,
    "25.9": 6241557.91574,
    "25.91": 6945054.10477,
    "25.92": 6124701.16015,
    "25.93": 7047139.12197,
    "25.94": 7179429.22066,
    "25.95": 7512536.82602,
    "25.96": 8073174.99846,
    "25.97": 7893886.39403,
    "25.98": 7446025.80999,
    "25.99": 6662937.12694,
    "26.01": 4986164.83562,
    "26.02": 4852839.75656,
    "26.03": 5246437.9814,
    "26.04": 5134665.23981,
    "26.05": 5554189.86902,
    "26.06": 5650148.98868,
    "26.07": 6184092.03427,
    "26.08": 5992110.42922,
    "26.09": 6290065.21159,
    "26.1": 6367939.64777,
    "26.12": 6433775.6335,
    "26.13": 7047284.48033,
    "26.14": 7311969.95533,
    "26.15": 7240880.00577,
    "26.16": 7630144.77741,
    "26.17": 7527112.90198,
    "26.18": 6392707.2111,
    "26.19": 6722267.93493,
    "26.2": 6585859.44045,
    "26.21": 6168992.8333,
    "26.22": 6040261.51187,
    "26.23": 5932427.86383,
    "26.24": 5545029.0011,
    "26.11": 6227893.7979,
    "26.25": 5749747.31202,
    "26.26": 5517128.23055,
    "26.27": 5619444.84087,
    "26.28": 5515475.66467,
    "26.29": 5263433.79251,
    "26.3": 5754658.7275,
    "26.31": 5857261.58432,
    "26.32": 5820356.82791,
    "26.33": 5263287.76645,
    "26.34": 5692856.5716,
    "26.35": 5394305.99461,
    "26.36": 5364407.69943,
    "26.37": 4972171.12622,
    "26.38": 4745006.34289,
    "26.39": 4110647.21164,
    "26.4": 3377618.3454,
    "26.41": 3888001.8461,
    "26.42": 4107119.12153,
    "26.43": 3769139.25022,
    "26.44": 3468677.1391,
    "26.57": 3052084.00751,
    "26.58": 3124752.26835,
    "26.59": 3504422.1588,
    "26.6": 3245092.18261,
    "26.61": 3661679.68405,
    "26.62": 3562570.84516,
    "26.63": 3624289.79099,
    "26.64": 3542385.0894,
    "26.65": 3077450.37828,
    "26.66": 3591536.32315,
    "26.67": 3501851.60821,
    "26.68": 3421194.26058,
    "26.69": 3341231.4292,
    "26.7": 3990926.46823,
    "26.71": 3948127.75394,
    "26.72": 3585474.22312,
    "26.73": 3623146.45884,
    "26.74": 3638884.74455,
    "26.75": 4133256.66178,
    "26.76": 3955949.11432,
    "26.5": 2121774.14263,
    "26.51": 2120943.07504,
    "26.52": 1889950.40362,
    "26.53": 2140415.80706,
    "26.54": 2214862.21678,
    "26.55": 2433927.93622,
    "26.56": 2909034.0534,
    "26.77": 3794917.31432,
    "26.45": 2944914.03621,
    "26.46": 3016623.2821,
    "26.78": 3173812.44285,
    "26.79": 3494847.31389,
    "26.8": 3165897.49603,
    "26.81": 3061621.21863,
    "26.82": 3100083.70325,
    "26.83": 2941594.42229,
    "26.47": 2379328.25635,
    "26.48": 2285679.56223,
    "26.49": 1965657.86485,
    "25.68": 5139079.97265,
    "25.69": 5442209.89628,
    "25.7": 5904379.4458,
    "25.71": 6358403.16471,
    "25.72": 6689422.41919,
    "25.73": 6968946.83547,
    "25.74": 7954559.31603,
    "25.75": 7518601.64972,
    "25.76": 6561084.10719,
    "25.77": 6163665.47345,
    "25.78": 5844345.77648,
    "25.79": 5497670.52426,
    "25.65": 3420538.74705,
    "25.66": 3972770.69149,
    "25.67": 4216415.34754,
    "25.63": 3361403.34943,
    "25.64": 3208345.70776,
    "24.3": 5120177.86548,
    "24.31": 5045609.89268,
    "24.26": 4746156.43252,
    "24.27": 4574160.66051,
    "24.28": 4832037.88195,
    "24.29": 4660129.8891,
    "24.18": 4434470.09952,
    "24.19": 4797153.77571,
    "24.2": 4659542.67571,
    "24.21": 5013736.09475,
    "24.22": 5022795.24176,
    "24.23": 4933901.70981,
    "24.24": 4925489.33204,
    "24.25": 5018201.15275,
    "24.16": 3001861.24386,
    "24.17": 3205133.60988,
    "24.04": 1712849.80723,
    "24.05": 1712849.80723,
    "24.06": 1632308.14056,
    "24.07": 1695645.46,
    "24.08": 1625909.69529,
    "24.09": 1664223.56895,
    "24.1": 1997772.56895,
    "24.11": 2429147.51181,
    "24.12": 2379006.63897,
    "24.13": 2390804.59611,
    "24.14": 2835380.97798,
    "24.15": 2551273.0252,
    "23.98": 1414787.32428,
    "23.99": 1172254.76873,
    "24.01": 1232960.7364,
    "24.02": 1369860.9364,