{
    "24": 1284574.05762,
    "25": 7384925.66455,
    "26": 5889444.7427,
    "27": 3840888.55051,
    "28": 336014.75634,
    "24.69": 4519941.61883,
    "24.7": 4774075.83346,
    "24.71": 5101507.01203,
    "24.72": 5340703.52015,
    "24.73": 5515237.7134,
    "24.74": 5386103.05785,
    "24.75": 5540808.67213,
    "24.76": 5484531.12465,
    "24.77": 6723944.56752,
    "24.78": 6139149.02783,
    "24.79": 6373339.59334,
    "24.8": 6503550.5186,
    "24.66": 4389414.73026,
    "24.67": 4243675.04394,
    "24.68": 4284869.11407,
    "24.48": 3768414.37142,
    "24.49": 3434860.74443,
    "24.5": 4359894.61943,
    "24.51": 4209092.56489,
    "24.52": 4051000.4558,
    "24.53": 4246485.85614,
    "24.54": 4358832.53691,
    "24.55": 4750834.04167,
    "24.56": 4253993.40429,
    "24.57": 3673696.53887,
    "24.43": 5033904.89304,
    "24.44": 4338132.31088,
    "24.45": 4315129.00918,
    "24.46": 3740898.88033,
    "24.47": 3830085.81366,
    "24.58": 3689322.13053,
    "24.32": 5471972.25713,
    "24.33": 5029471.37209,
    "24.34": 5574981.52466,
    "24.35": 5489381.43441,
    "24.36": 5263456.82568,
    "24.37": 5438715.06854,
    "24.38": 5374800.4396,
    "24.39": 4972232.36181,
    "24.4": 5006387.9116,
    "24.41": 4963613.09256,
    "24.42": 4933828.2115,
    "24.59": 3637070.61565,
    "24.6": 3413316.09502,
    "24.61": 3724566.46389,
    "24.62": 3107114.34484,
    "24.63": 3619601.82179,
    "24.64": 3927569.29084,
    "24.65": 4139355.80883,
    "24.81": 6646527.3633,
    "24.82": 6233358.0545,
    "24.83": 5175634.18068,
    "24.84": 6258966.77459,
    "24.85": 6094386.85641,
    "24.86": 6042251.24301,
    "24.87": 5157384.72288,
    "24.88": 4980663.6705,
    "24.89": 5489799.87097,
    "24.9": 5726001.67184,
    "24.91": 5707337.89962,
    "24.92": 5348601.59407,
    "24.93": 5538920.95908,
    "24.94": 6038760.77271,
    "24.95": 6406733.80841,
    "24.96": 6297336.69623,
    "24.97": 7865467.91149,
    "24.98": 7343401.91799,
    "24.99": 7379823.34984,
    "25.01": 7209472.14251,
    "25.02": 6810687.0611,
    "25.03": 6457843.20991,
    "25.04": 5849924.30781,
    "25.05": 5456283.79775,
    "25.06": 4961226.42871,
    "25.07": 4385220.70568,
    "25.08": 4894882.67409,
    "25.14": 6204569.50039,
    "25.15": 5913992.82578,
    "25.16": 5800993.77578,
    "25.17": 5971641.5824,
    "25.18": 6947677.60092,
    "25.19": 6902942.63905,
    "25.2": 6914940.96208,
    "25.21": 7980823.45287,
    "25.22": 7953615.46239,
    "25.23": 8702902.3848,
    "25.24": 8526215.2975,
    "25.25": 8474755.70854,
    "25.26": 8095970.30616,
    "25.27": 8353078.61128,
    "25.28": 6104753.18707,
    "25.29": 6067880.19222,
    "25.3": 6304212.23375,
    "25.31": 5822652.16592,
    "25.32": 5314749.81711,
    "25.33": 5566845.60972,
    "25.34": 5328796.22162,
    "25.35": 4784439.95219,
    "25.36": 3771349.27591,
    "25.37": 3806139.2631,
    "25.38": 3599230.99251,
    "25.39": 3646720.84072,
    "25.4": 4579439.79786,
    "25.41": 4643862.63444,
    "25.42": 4377493.50385,
    "25.43": 4702461.72019,
    "25.44": 4366096.53741,
    "25.49": 5544343.89165,
    "25.5": 5974574.86601,
    "25.51": 5379565.57792,
    "25.52": 5742477.5557,
    "25.53": 5562017.4913,
    "25.54": 5330096.76547,
    "25.48": 4287813.93233,
    "25.55": 3678219.81607,
    "25.56": 3573471.32663,
    "25.57": 3793525.87792,
    "25.58": 3911977.45687,
    "25.59": 3674259.7902,
    "25.6": 3281464.98717,
    "25.61": 3227046.234,
    "25.62": 3580001.81532,
    "25.45": 4360425.31518,
    "25.46": 3960685.3838,
    "25.47": 4177660.36793,
    "25.12": 5912564.01125,
    "25.13": 6361150.50039,
    "25.1": 5074799.14188,
    "25.11": 5421024.05168,
    "25.09": 5301968.36298,
    "25.8": 5470734.30043,
    "25.81": 6062536.75269,
    "25.82": 5690631.82789,
    "25.83": 5094014.72816,
    "25.84": 5825988.33115,
    "25.85": 5849425.21211,
    "25.86": 5343583.34348,
    "25.87": 5261474.23802,
    "25.88": 5621791.28588,
    "25.89": 6120719.1249,
    "25.9": 5817213.55372,
    "25.91": 6520709.74275,
    "25.92": 5700356.79813,
    "25.93": 6622794.75995,
    "25.94": 6749896.55973,
    "25.95": 7198849.43782,
    "25.96": 7759487.61026,
    "25.97": 7580199.00583,
    "25.98": 6813523.65512,
    "25.99": 6177276.18636,
    "26.01": 4276613.77004,
    "26.02": 4143288.69098,
    "26.03": 4536886.91582,
    "26.04": 4335426.42423,
    "26.05": 4754951.05344,
    "26.06": 4850910.1731,
    "26.07": 5384853.21869,
    "26.08": 5569780.43864,
    "26.09": 5867735.22101,
    "26.1": 5945609.65719,
    "26.12": 5886848.47625,
    "26.13": 5990990.0074,
    "26.14": 6255675.4824,
    "26.15": 6184585.53284,
    "26.16": 6573850.30448,
    "26.17": 6637664.60296,
    "26.18": 5503258.91208,
    "26.19": 5591246.06997,
    "26.2": 5544525.32549,
    "26.21": 5520176.95167,
    "26.22": 5391445.63024,
    "26.23": 5408209.14887,
    "26.24": 4957251.64328,
    "26.11": 5680966.64065,
    "26.25": 5050858.49965,
    "26.26": 4818239.41818,
    "26.27": 4920556.0285,
    "26.28": 4734114.8523,
    "26.29": 4258291.93014,
    "26.3": 4930368.74748,
    "26.31": 5032971.6043,
    "26.32": 5117694.77097,
    "26.33": 4680571.35237,
    "26.34": 4850072.30038,
    "26.35": 4484943.94561,
    "26.36": 4250647.47843,
    "26.37": 3766187.26772,
    "26.38": 3602581.12725,
    "26.39": 3077232.796,
    "26.4": 2344203.92976,
    "26.41": 2799281.52142,
    "26.42": 2878373.03214,
    "26.43": 2540393.16083,
    "26.44": 2306508.82749,
    "26.57": 2624598.35162,
    "26.58": 2698217.46273,
    "26.59": 3217913.11789,
    "26.6": 2958583.1417,
    "26.61": 3465035.09314,
    "26.62": 3365926.25425,
    "26.63": 3427645.20008,
    "26.64": 3345740.49849,
    "26.65": 2880805.78737,
    "26.66": 3263620.03993,
    "26.67": 3173935.32499,
    "26.68": 2834237.79165,
    "26.69": 2850199.33689,
    "26.7": 3499894.37592,
    "26.71": 3457095.66163,
    "26.72": 3094442.13081,
    "26.73": 3132114.36653,
    "26.74": 3147852.65224,
    "26.75": 3627838.50224,
    "26.76": 3450530.95478,
    "26.5": 1508960.06764,
    "26.51": 1590601.00005,
    "26.52": 1359608.32863,
    "26.53": 1653051.91957,
    "26.54": 1727498.32929,
    "26.55": 1829962.54873,
    "26.56": 2305068.66591,
    "26.77": 3289499.15478,
    "26.45": 1834449.61349,
    "26.46": 1807367.22302,
    "26.78": 2668394.28331,
    "26.79": 2966345.47166,
    "26.8": 2528419.29666,
    "26.81": 2424143.01926,
    "26.82": 2462605.50388,
    "26.83": 2404836.43721,
    "26.47": 1621998.80636,
    "26.48": 1528350.11224,
    "26.49": 1352843.78986,
    "25.68": 3381754.37265,
    "25.69": 3718364.53282,
    "25.7": 4087400.14116,
    "25.71": 4667997.51224,
    "25.72": 4999016.76672,
    "25.73": 5278541.183,
    "25.74": 6572674.89433,
    "25.75": 6532498.42445,
    "25.76": 5882069.28192,
    "25.77": 5484650.64818,
    "25.78": 5275525.22394,
    "25.79": 4637395.63665,
    "25.65": 2836445.69424,
    "25.66": 2941455.23868,
    "25.67": 3074905.622,
    "25.63": 2401119.46329,
    "25.64": 2624252.65495,
    "24.3": 5120177.86548,
    "24.31": 5045609.89268,
    "24.26": 4746156.43252,
    "24.27": 4574160.66051,
    "24.28": 4832037.88195,
    "24.29": 4660129.8891,
    "24.18": 4434470.09952,
    "24.19": 4797153.77571,
    "24.2": 4659542.67571,
    "24.21": 5013736.09475,
    "24.22": 5022795.24176,
    "24.23": 4933901.70981,
    "24.24": 4925489.33204,
    "24.25": 5018201.15275,
    "24.16": 3001861.24386,
    "24.17": 3205133.60988,
    "24.04": 1712849.80723,
    "24.05": 1712849.80723,
    "24.06": 1632308.14056,
    "24.07": 1695645.46,
    "24.08": 1625909.69529,
    "24.09": 1664223.56895,
    "24.1": 1997772.56895,
    "24.11": 2429147.51181,
    "24.12": 2379006.63897,
    "24.13": 2390804.59611,
    "24.14": 2835380.97798,
    "24.15": 2551273.0252,
    "23.98": 1414787.32428,
    "23.99": 1172254.76873,
    "24.01": 1232960.7364,
    "24.02": 1369860.9364,
    "24.03": 1425528.66813,